Order_Date,Region,Category,Sub_Category,Customer_Segment,Sales,Quantity,Discount,Profit
2023-09-08,South,Furniture,Bookcases,Consumer,112.57,7,0.0,61.69
2024-04-05,North,Furniture,Tables,Consumer,129.52,12,0.0,78.58
2024-02-23,West,Technology,Laptops,Home Office,176.92,7,0.2,23.02
2023-05-31,East,Furniture,Tables,Home Office,476.82,2,0.2,84.97
2023-04-12,South,Office Supplies,Paper,Consumer,175.9,1,0.2,34.49
2023-07-18,East,Office Supplies,Paper,Corporate,21.87,4,0.3,18.06
2023-10-29,East,Technology,Phones,Home Office,425.37,9,0.3,15.07
2023-08-14,East,Furniture,Tables,Home Office,34.67,6,0.0,4.03
2023-08-17,South,Technology,Accessories,Corporate,112.85,8,0.0,47.65
2024-05-14,South,Technology,Phones,Home Office,561.23,6,0.0,189.11
2024-01-16,South,Furniture,Chairs,Corporate,523.59,9,0.0,146.19
2024-10-18,South,Technology,Laptops,Corporate,150.54,12,0.4,-45.5
2023-08-06,South,Technology,Phones,Corporate,346.7,7,0.0,111.73
2023-09-13,South,Technology,Phones,Consumer,230.53,6,0.1,51.4
2023-03-25,East,Furniture,Bookcases,Corporate,321.28,9,0.4,-36.58
2024-05-04,East,Furniture,Tables,Home Office,438.96,9,0.1,97.41
2023-11-20,South,Office Supplies,Storage,Home Office,162.52,12,0.0,74.87
2023-02-24,South,Office Supplies,Storage,Home Office,35.71,14,0.3,-15.53
2023-04-26,East,Technology,Accessories,Home Office,155.49,3,0.3,-15.04
2024-09-01,East,Office Supplies,Paper,Home Office,75.5,2,0.2,12.43
2023-08-21,South,Furniture,Chairs,Consumer,904.6,4,0.0,324.39
2024-12-16,North,Furniture,Chairs,Home Office,108.96,4,0.0,19.48
2023-03-20,South,Office Supplies,Paper,Home Office,154.53,12,0.0,58.13
2023-07-13,East,Technology,Accessories,Home Office,358.98,3,0.1,86.34
2023-06-10,West,Technology,Laptops,Consumer,234.27,1,0.2,42.71
2023-09-28,North,Technology,Phones,Corporate,106.81,10,0.2,44.2
2023-08-01,North,Technology,Accessories,Corporate,155.06,7,0.1,59.33
2024-09-17,West,Technology,Accessories,Corporate,,7,0.3,10.3
2023-12-22,West,Office Supplies,Paper,Home Office,21.85,1,0.0,18.27
2024-06-23,South,Furniture,Bookcases,Consumer,103.58,7,0.0,41.11
2023-08-18,West,Technology,Phones,Corporate,125.79,2,0.0,43.49
2023-05-14,East,Furniture,Chairs,Home Office,20.15,7,0.1,6.38
2023-10-20,East,Furniture,Chairs,Home Office,87.19,13,0.1,13.64
2024-01-05,North,Technology,Phones,Corporate,24.96,2,0.1,-9.27
2023-02-03,North,Furniture,Chairs,Corporate,77.07,12,0.0,48.83
2023-06-04,North,Office Supplies,Storage,Home Office,229.48,9,0.2,55.23
2024-11-17,East,Furniture,Chairs,Corporate,216.38,9,0.2,19.85
2024-06-15,East,Office Supplies,Binders,Corporate,48.24,14,0.0,13.85
2024-06-09,East,Technology,Accessories,Corporate,109.51,7,0.4,-35.61
2023-08-31,South,Furniture,Tables,Home Office,119.33,2,0.2,39.57
2024-10-24,North,Furniture,Bookcases,Corporate,174.46,9,0.0,52.33
2024-03-05,East,Furniture,Tables,Corporate,38.16,13,0.0,22.51
2023-01-17,West,Furniture,Chairs,Home Office,448.25,10,0.0,159.24
2023-06-17,South,Office Supplies,Paper,Consumer,82.0,14,0.0,38.52
2024-11-21,West,Office Supplies,Storage,Consumer,509.21,14,0.0,189.34
2024-01-11,East,Furniture,Bookcases,Home Office,90.15,13,0.0,25.26
2024-09-26,North,Office Supplies,Storage,Corporate,349.76,4,0.1,63.44
2023-04-30,West,Office Supplies,Paper,Home Office,216.2,6,0.2,31.19
2023-05-04,West,Office Supplies,Paper,Home Office,71.09,10,0.1,25.0
2024-01-21,South,Technology,Laptops,Consumer,37.72,10,0.0,2.01
2024-12-13,North,Furniture,Chairs,Corporate,229.99,6,0.4,-17.37
2023-05-02,South,Furniture,Tables,Corporate,23.33,12,0.2,-42.63
2023-04-30,North,Technology,Accessories,Home Office,90.54,6,0.2,30.48
2024-11-12,West,Office Supplies,Storage,Consumer,98.27,13,0.0,35.61
2023-04-19,East,Furniture,Tables,Corporate,941.26,3,0.2,169.89
2023-07-19,East,Office Supplies,Storage,Home Office,106.56,11,0.0,35.52
2024-04-29,West,Office Supplies,Storage,Home Office,538.66,8,0.0,192.34
2024-02-14,South,Technology,Laptops,Corporate,436.42,11,0.1,126.87
2024-09-06,West,Technology,Accessories,Home Office,124.24,13,0.1,14.52
2024-05-26,West,Office Supplies,Storage,Home Office,57.7,1,0.2,22.53
2023-11-19,East,Technology,Accessories,Corporate,179.54,9,0.2,56.31
2024-06-08,South,Technology,Laptops,Consumer,162.91,10,0.2,9.86
2023-05-17,East,Office Supplies,Storage,Home Office,497.72,7,0.2,76.04
2023-09-27,South,Technology,Laptops,Consumer,56.47,5,0.2,-4.5
2023-04-15,South,Office Supplies,Storage,Home Office,124.86,7,0.4,-29.82
2024-06-08,East,Furniture,Chairs,Corporate,191.41,7,0.1,41.38
2023-03-02,South,Technology,Accessories,Consumer,164.08,13,0.0,73.07
2024-07-28,South,Technology,Laptops,Home Office,178.44,2,0.0,45.72
2024-06-17,North,Office Supplies,Binders,Corporate,365.54,13,0.1,118.79
2023-07-15,South,Office Supplies,Paper,Consumer,149.88,7,0.2,43.72
2024-03-26,South,Office Supplies,Binders,Home Office,22.49,8,0.0,31.41
2023-10-12,North,Furniture,Bookcases,Consumer,45.42,10,0.0,9.7
2023-08-12,West,Office Supplies,Storage,Home Office,140.65,9,0.0,81.23
2023-06-08,East,Office Supplies,Storage,Consumer,101.82,12,0.2,-10.5
2023-10-07,West,Furniture,Chairs,Consumer,173.08,4,0.2,33.61
2023-12-04,West,Office Supplies,Paper,Corporate,26.07,8,0.1,-39.88
2023-04-23,South,Office Supplies,Paper,Home Office,31.55,6,0.0,3.29
2023-11-05,South,Technology,Accessories,Corporate,32.79,10,0.1,-0.25
2024-01-27,South,Furniture,Chairs,Corporate,133.46,2,0.1,54.41
2023-09-08,North,Furniture,Chairs,Consumer,,3,0.0,101.97
2023-11-12,North,Furniture,Bookcases,Consumer,107.32,12,0.1,2.85
2023-02-04,East,Furniture,Chairs,Consumer,781.16,12,0.1,201.34
2023-11-16,East,Furniture,Tables,Consumer,848.88,3,0.0,296.35
2023-10-23,West,Office Supplies,Paper,Home Office,24.04,11,0.1,18.8
2024-04-20,North,Furniture,Tables,Corporate,22.64,12,0.1,19.99
2024-03-18,West,Furniture,Tables,Corporate,94.48,14,0.3,16.21
2024-10-03,North,Furniture,Chairs,Home Office,155.72,8,0.2,33.91
2023-08-14,North,Furniture,Tables,Corporate,237.33,8,0.4,-22.03
2024-07-24,East,Furniture,Chairs,Corporate,58.11,9,0.2,-0.82
2023-04-18,West,Office Supplies,Binders,Consumer,322.25,11,0.2,34.35
2023-11-20,West,Furniture,Tables,Corporate,476.34,7,0.0,175.78
2024-11-15,East,Technology,Accessories,Consumer,216.76,13,0.0,76.79
2024-08-31,East,Furniture,Tables,Consumer,121.69,6,0.1,38.78
2023-05-17,North,Office Supplies,Paper,Corporate,56.45,10,0.0,24.2
2023-07-22,East,Furniture,Bookcases,Consumer,222.24,13,0.3,10.55
2023-08-19,North,Technology,Phones,Consumer,214.28,11,0.0,58.46
2024-05-02,West,Furniture,Bookcases,Home Office,57.16,7,0.0,13.75
2024-07-28,West,Office Supplies,Binders,Consumer,118.91,2,0.1,5.68
2024-12-26,North,Office Supplies,Binders,Corporate,702.31,8,0.3,38.23
2023-08-19,North,Furniture,Tables,Corporate,55.88,9,0.2,-11.06
2024-11-30,East,Technology,Accessories,Home Office,23.25,11,0.2,-10.63
2023-09-26,South,Furniture,Chairs,Consumer,147.84,2,0.0,52.25
2024-01-21,East,Office Supplies,Storage,Home Office,298.88,5,0.3,28.13
2023-07-01,South,Technology,Phones,Corporate,135.9,11,0.4,0.26
2024-10-10,North,Technology,Phones,Corporate,240.85,7,0.2,30.21
2024-04-15,West,Furniture,Chairs,Home Office,,10,0.0,39.27
2023-04-02,East,Furniture,Chairs,Corporate,238.5,12,0.0,88.68
2023-05-20,South,Furniture,Chairs,Corporate,32.5,12,0.0,23.25
2023-01-08,North,Furniture,Tables,Corporate,966.17,9,0.2,135.72
2023-11-28,North,Office Supplies,Binders,Home Office,38.74,10,0.2,41.06
2024-04-20,South,Technology,Phones,Home Office,105.53,9,0.2,14.15
2023-01-25,North,Furniture,Chairs,Home Office,69.36,14,0.1,11.53
2024-11-07,South,Furniture,Tables,Corporate,36.56,8,0.4,-2.68
2023-03-30,East,Technology,Laptops,Consumer,314.12,6,0.0,142.56
2024-05-31,South,Technology,Accessories,Consumer,65.93,4,0.2,9.76
2024-05-25,South,Furniture,Chairs,Corporate,331.32,11,0.1,83.41
2024-09-25,North,Furniture,Chairs,Consumer,428.81,14,0.0,126.59
2023-09-21,South,Furniture,Bookcases,Consumer,862.5,13,0.1,214.07
2023-09-10,South,Office Supplies,Paper,Consumer,245.22,13,0.0,96.49
2023-04-14,North,Furniture,Tables,Home Office,54.92,5,0.2,16.31
2023-12-31,North,Office Supplies,Storage,Consumer,92.87,14,0.0,27.75
2023-07-05,West,Furniture,Tables,Home Office,217.92,10,0.0,79.09
2023-08-23,East,Technology,Laptops,Consumer,368.7,6,0.0,119.97
2023-12-30,East,Furniture,Chairs,Home Office,44.25,4,0.4,-12.32
2023-08-11,South,Office Supplies,Binders,Corporate,449.05,14,0.0,135.03
2023-07-10,South,Technology,Accessories,Consumer,149.16,12,0.1,51.03
2024-04-14,West,Furniture,Bookcases,Home Office,249.44,1,0.3,-3.15
2024-11-04,West,Office Supplies,Storage,Home Office,307.9,1,0.2,55.95
2023-09-29,East,Office Supplies,Binders,Home Office,193.32,14,0.1,61.09
2023-11-13,North,Furniture,Tables,Corporate,143.32,6,0.2,19.24
2023-02-11,North,Technology,Accessories,Home Office,157.13,10,0.3,-30.19
2024-09-06,West,Furniture,Bookcases,Corporate,302.03,12,0.0,84.41
2023-03-05,West,Office Supplies,Paper,Consumer,183.57,6,0.1,36.22
2024-05-16,North,Furniture,Chairs,Corporate,144.94,2,0.0,50.41
2024-08-10,South,Technology,Accessories,Home Office,79.24,3,0.2,4.74
2023-04-08,South,Office Supplies,Paper,Home Office,113.79,3,0.1,32.9
2023-12-10,East,Office Supplies,Binders,Corporate,293.45,5,0.2,25.68
2023-03-16,North,Office Supplies,Paper,Corporate,54.55,10,0.2,2.35
2023-08-03,East,Furniture,Tables,Home Office,566.03,12,0.0,210.83
2024-06-05,South,Technology,Laptops,Consumer,682.69,6,0.0,253.87
2023-04-23,East,Furniture,Chairs,Corporate,434.76,12,0.3,15.73
2024-10-24,West,Furniture,Bookcases,Home Office,187.87,13,0.1,43.5
2024-09-04,North,Office Supplies,Paper,Consumer,111.47,12,0.1,7.73
2024-11-02,North,Office Supplies,Binders,Home Office,1215.61,11,0.0,407.05
2024-03-18,East,Technology,Accessories,Corporate,250.62,12,0.0,109.1
2023-09-08,West,Technology,Accessories,Corporate,30.16,7,0.2,36.71
2023-12-22,East,Office Supplies,Binders,Consumer,310.13,3,0.0,102.81
2023-08-05,South,Technology,Phones,Corporate,48.76,13,0.2,20.12
2024-01-20,South,Technology,Laptops,Corporate,34.03,7,0.0,22.28
2024-09-11,East,Office Supplies,Storage,Consumer,258.9,7,0.0,89.26
2023-01-07,South,Furniture,Tables,Consumer,66.72,14,0.3,-18.05
2023-09-16,North,Office Supplies,Storage,Corporate,114.78,5,0.0,38.43
2024-06-07,West,Office Supplies,Binders,Corporate,399.33,1,0.1,96.49
2024-02-29,North,Technology,Phones,Consumer,659.7,8,0.0,234.05
2023-11-22,East,Office Supplies,Storage,Home Office,234.98,13,0.0,72.96
2023-02-10,North,Furniture,Tables,Corporate,253.69,11,0.0,78.59
2023-10-30,South,Technology,Phones,Consumer,246.22,7,0.1,56.07
2023-07-14,West,Technology,Phones,Corporate,635.79,7,0.2,114.9
2023-01-12,North,Furniture,Chairs,Consumer,185.35,11,0.3,12.71
2023-12-01,North,Furniture,Chairs,Home Office,640.69,13,0.0,210.42
2023-10-12,West,Furniture,Bookcases,Home Office,435.15,1,0.0,148.54
2023-11-06,East,Furniture,Bookcases,Consumer,329.83,5,0.4,1.61
2024-05-07,South,Furniture,Tables,Corporate,303.09,2,0.1,67.8
2023-07-25,South,Office Supplies,Paper,Home Office,87.53,12,0.2,9.84
2024-08-23,West,Office Supplies,Binders,Home Office,45.41,6,0.1,11.36
2024-04-20,South,Furniture,Chairs,Consumer,93.42,3,0.3,8.48
2023-08-13,East,Technology,Phones,Corporate,60.03,1,0.2,14.72
2024-08-15,West,Furniture,Chairs,Home Office,145.42,5,0.2,14.71
2024-03-15,North,Furniture,Tables,Consumer,114.83,6,0.0,34.32
2024-01-31,East,Office Supplies,Paper,Corporate,98.87,10,0.1,35.35
2023-05-23,West,Furniture,Chairs,Corporate,219.92,8,0.0,63.73
2024-03-23,North,Furniture,Tables,Home Office,354.31,6,0.2,67.94
2023-01-29,North,Technology,Accessories,Corporate,621.79,9,0.1,163.53
2023-05-25,South,Office Supplies,Binders,Corporate,441.02,12,0.2,78.77
2024-07-20,West,Furniture,Bookcases,Home Office,37.81,7,0.0,9.93
2024-01-13,East,Office Supplies,Binders,Corporate,356.37,9,0.0,134.67
2023-10-07,East,Office Supplies,Binders,Home Office,765.32,13,0.1,206.03
2024-01-14,South,Technology,Laptops,Consumer,383.48,10,0.2,76.04
2023-08-25,East,Furniture,Chairs,Corporate,504.75,3,0.0,198.44
2023-07-15,North,Technology,Laptops,Corporate,55.3,12,0.0,46.35
2024-06-03,West,Furniture,Bookcases,Home Office,379.05,3,0.4,-30.87
2024-10-02,West,Technology,Phones,Home Office,1468.11,12,0.0,500.59
2024-04-29,South,Furniture,Bookcases,Corporate,289.47,12,0.1,68.28
2023-01-07,West,Technology,Phones,Corporate,267.71,12,0.3,3.89
2024-06-26,South,Technology,Phones,Corporate,354.03,2,0.1,92.47
2024-09-16,East,Technology,Laptops,Corporate,89.38,2,0.4,-26.82
2024-05-25,South,Office Supplies,Paper,Corporate,252.27,7,0.1,44.69
2024-03-20,North,Technology,Accessories,Consumer,23.34,9,0.2,-17.06
2024-09-03,North,Office Supplies,Binders,Home Office,269.49,9,0.4,1.6
2024-11-06,North,Furniture,Bookcases,Corporate,609.26,10,0.0,201.11
2023-11-11,West,Furniture,Bookcases,Corporate,188.23,2,0.0,56.35
2024-08-26,North,Technology,Laptops,Consumer,161.44,2,0.0,52.73
2024-10-28,South,Furniture,Tables,Consumer,163.96,5,0.0,34.6
2024-04-01,South,Technology,Accessories,Consumer,74.75,9,0.1,11.34
2024-12-19,South,Technology,Phones,Corporate,,14,0.1,72.57
2023-10-14,East,Office Supplies,Binders,Consumer,81.34,7,0.0,18.29
2023-06-01,West,Furniture,Chairs,Home Office,687.23,5,0.3,31.58
2024-06-28,East,Furniture,Chairs,Consumer,110.05,11,0.0,75.85
2023-04-27,South,Office Supplies,Storage,Corporate,291.94,13,0.3,41.38
2024-03-24,East,Technology,Accessories,Home Office,211.8,11,0.1,66.34
2023-06-22,North,Furniture,Chairs,Home Office,71.79,5,0.0,3.5
2023-10-09,South,Furniture,Chairs,Home Office,77.35,14,0.0,13.36
2023-05-26,East,Furniture,Chairs,Home Office,31.01,2,0.1,-3.36
2024-12-21,East,Furniture,Tables,Corporate,,14,0.2,107.86
2024-09-02,East,Furniture,Bookcases,Home Office,36.01,6,0.2,4.75
2024-11-21,North,Furniture,Chairs,Corporate,148.0,12,0.1,49.72
2023-12-15,North,Technology,Laptops,Home Office,549.24,5,0.0,164.48
2024-07-23,North,Office Supplies,Paper,Corporate,358.96,9,0.0,130.32
2023-11-03,West,Furniture,Tables,Corporate,234.38,4,0.0,79.22
2023-07-14,South,Technology,Phones,Corporate,419.27,4,0.4,-24.66
2023-10-23,West,Technology,Laptops,Corporate,238.11,6,0.2,34.36
2023-07-25,South,Technology,Phones,Consumer,610.88,1,0.0,180.93
2024-12-04,East,Office Supplies,Binders,Corporate,88.3,9,0.1,3.87
2023-08-25,West,Office Supplies,Storage,Corporate,99.87,4,0.0,43.17
2024-11-06,North,Office Supplies,Storage,Consumer,46.38,1,0.0,39.78
2024-08-11,West,Furniture,Tables,Home Office,48.3,14,0.0,9.4
2024-10-23,East,Office Supplies,Binders,Corporate,102.76,13,0.0,13.43
2023-06-21,South,Technology,Accessories,Home Office,218.84,14,0.0,85.36
2024-07-19,East,Technology,Laptops,Corporate,38.29,4,0.0,10.57
2024-03-16,North,Office Supplies,Binders,Home Office,160.16,11,0.2,7.71
2024-11-02,South,Office Supplies,Storage,Corporate,64.95,3,0.0,22.23
2023-12-16,North,Furniture,Bookcases,Home Office,,1,0.0,126.17
2024-07-24,East,Technology,Laptops,Home Office,47.54,11,0.1,32.28
2024-09-19,East,Furniture,Bookcases,Corporate,61.06,8,0.0,7.24
2023-05-20,East,Furniture,Bookcases,Home Office,164.02,4,0.3,21.21
2023-11-26,South,Office Supplies,Paper,Consumer,32.72,1,0.0,23.56
2023-04-02,North,Technology,Laptops,Consumer,150.79,3,0.0,33.74
2023-02-03,North,Furniture,Chairs,Home Office,43.19,7,0.0,36.04
2023-01-17,East,Office Supplies,Storage,Consumer,154.39,1,0.0,63.02
2024-10-19,South,Technology,Phones,Corporate,199.81,9,0.1,47.87
2023-12-12,West,Technology,Phones,Home Office,870.6,12,0.2,138.83
2023-09-14,South,Furniture,Chairs,Corporate,121.63,11,0.0,48.01
2023-12-23,East,Technology,Laptops,Home Office,86.06,2,0.1,8.59
2023-07-03,South,Technology,Phones,Corporate,247.47,7,0.3,-12.03
2023-10-09,West,Technology,Phones,Consumer,58.05,8,0.2,5.37
2024-02-14,North,Office Supplies,Storage,Consumer,549.73,3,0.3,30.16
2023-04-16,West,Technology,Accessories,Consumer,321.5,3,0.1,76.5
2023-06-26,North,Furniture,Tables,Consumer,32.87,6,0.3,-2.99
2024-08-06,East,Office Supplies,Storage,Corporate,823.13,10,0.1,219.21
2023-09-14,South,Furniture,Bookcases,Consumer,58.96,14,0.1,-16.29
2024-05-18,North,Furniture,Bookcases,Corporate,87.6,7,0.0,35.8
2024-05-20,West,Technology,Laptops,Consumer,950.13,3,0.0,344.1
2024-08-30,North,Furniture,Bookcases,Corporate,202.64,4,0.0,63.05
2023-06-02,North,Furniture,Bookcases,Home Office,154.23,14,0.0,37.58
2024-03-17,East,Office Supplies,Storage,Corporate,149.98,9,0.4,5.95
2024-06-13,North,Technology,Accessories,Home Office,46.13,14,0.1,38.31
2024-01-15,North,Furniture,Chairs,Corporate,124.79,14,0.1,40.28
2024-08-26,West,Office Supplies,Storage,Consumer,986.19,3,0.1,235.68
2023-01-27,West,Furniture,Tables,Home Office,240.84,2,0.0,108.29
2024-09-25,South,Furniture,Chairs,Home Office,80.05,5,0.2,19.2
2023-09-25,West,Technology,Laptops,Corporate,59.66,4,0.3,-14.05
2023-10-30,East,Furniture,Chairs,Consumer,108.45,13,0.1,35.45
2024-05-14,West,Furniture,Chairs,Home Office,137.43,4,0.1,51.3
2023-05-27,West,Office Supplies,Paper,Corporate,44.41,4,0.1,7.39
2024-01-06,North,Technology,Accessories,Home Office,219.47,2,0.2,30.21
2023-09-27,West,Furniture,Chairs,Corporate,307.3,10,0.0,68.0
2023-01-28,West,Furniture,Chairs,Consumer,25.29,14,0.0,13.13
2024-02-05,North,Office Supplies,Paper,Corporate,79.38,7,0.1,13.82
2023-10-28,South,Office Supplies,Paper,Corporate,122.15,7,0.1,17.77
2023-03-13,East,Technology,Accessories,Consumer,319.19,3,0.0,103.56
2023-07-09,South,Office Supplies,Binders,Corporate,126.0,1,0.2,27.32
2024-10-08,North,Technology,Accessories,Consumer,253.57,2,0.0,91.03
2023-08-14,West,Office Supplies,Storage,Consumer,69.88,1,0.2,45.97
2024-10-20,East,Technology,Phones,Corporate,107.96,7,0.2,3.6
2024-03-22,East,Furniture,Bookcases,Home Office,374.75,13,0.0,136.3
2023-04-28,South,Furniture,Tables,Corporate,589.19,12,0.0,224.96
2024-04-21,West,Office Supplies,Paper,Consumer,255.64,7,0.0,133.16
2023-12-06,East,Furniture,Bookcases,Corporate,529.47,2,0.1,124.1
2023-12-11,South,Office Supplies,Storage,Corporate,65.63,9,0.1,28.62
2024-03-12,East,Technology,Accessories,Consumer,37.88,4,0.0,-4.57
2024-09-26,East,Furniture,Tables,Home Office,419.87,13,0.0,157.24
2024-01-02,South,Office Supplies,Paper,Home Office,135.17,14,0.2,20.61
2023-12-07,South,Furniture,Tables,Consumer,195.52,14,0.0,76.5
2024-08-30,North,Technology,Laptops,Consumer,53.2,2,0.1,19.78
2023-04-02,North,Furniture,Bookcases,Home Office,202.08,2,0.0,63.38
2023-04-08,East,Furniture,Tables,Consumer,77.6,7,0.2,27.87
2024-07-17,East,Office Supplies,Paper,Corporate,24.41,8,0.0,16.57
2023-01-21,South,Furniture,Chairs,Corporate,96.19,7,0.1,7.84
2024-05-04,East,Technology,Accessories,Consumer,417.71,1,0.3,-3.37
2024-05-25,North,Furniture,Chairs,Corporate,73.3,6,0.0,31.55
2024-08-14,South,Furniture,Bookcases,Home Office,672.91,1,0.2,79.74
2024-05-26,South,Technology,Phones,Home Office,67.91,4,0.3,6.99
2023-02-25,North,Office Supplies,Paper,Consumer,249.23,4,0.0,95.63
2024-10-20,South,Furniture,Tables,Home Office,420.68,4,0.2,75.98
2024-03-13,North,Furniture,Tables,Consumer,147.43,7,0.1,-1.04
2023-11-01,East,Technology,Laptops,Home Office,232.23,1,0.2,36.16
2024-09-30,East,Office Supplies,Storage,Consumer,345.6,6,0.2,35.85
2024-11-05,West,Technology,Laptops,Consumer,276.08,2,0.0,83.45
2024-07-16,South,Technology,Phones,Corporate,376.6,7,0.3,27.43
2023-02-09,South,Office Supplies,Binders,Consumer,637.13,1,0.0,214.68
2023-01-26,West,Office Supplies,Binders,Home Office,20.24,11,0.2,11.74
2023-07-23,West,Office Supplies,Binders,Corporate,298.46,7,0.2,55.32
2024-05-03,North,Technology,Phones,Home Office,191.66,10,0.0,56.18
2024-11-19,West,Furniture,Bookcases,Home Office,509.04,6,0.0,203.46
2023-06-15,West,Technology,Phones,Consumer,394.95,12,0.3,47.81
2023-02-10,North,Furniture,Bookcases,Consumer,86.56,3,0.0,7.32
2023-06-12,East,Furniture,Tables,Home Office,173.14,8,0.2,27.06
2023-09-14,South,Furniture,Chairs,Consumer,30.01,9,0.4,-8.33
2023-11-05,North,Technology,Accessories,Home Office,117.72,5,0.4,-12.62
2024-08-02,South,Furniture,Bookcases,Corporate,114.28,1,0.0,32.4
2024-11-21,East,Technology,Phones,Corporate,70.85,7,0.2,17.85
2023-11-08,North,Technology,Laptops,Home Office,23.53,4,0.1,-0.89
2023-10-22,West,Office Supplies,Storage,Home Office,370.07,10,0.0,106.89
2024-01-21,West,Furniture,Bookcases,Corporate,281.24,12,0.2,37.08
2023-10-29,West,Technology,Phones,Corporate,1212.89,5,0.2,199.54
2023-09-08,East,Furniture,Chairs,Home Office,59.63,8,0.0,47.27
2024-10-24,East,Office Supplies,Binders,Corporate,95.67,12,0.1,22.73
2024-08-29,South,Office Supplies,Paper,Consumer,73.4,10,0.1,33.18
2024-11-14,South,Technology,Laptops,Home Office,166.11,10,0.2,20.55
2023-12-25,South,Office Supplies,Storage,Consumer,33.26,13,0.4,-8.85
2023-04-23,North,Office Supplies,Storage,Consumer,164.76,2,0.0,99.75
2024-05-17,East,Technology,Accessories,Corporate,1064.23,9,0.4,-53.16
2024-10-09,West,Technology,Laptops,Corporate,619.78,13,0.4,-15.13
2023-10-16,East,Technology,Phones,Corporate,72.66,13,0.1,-5.32
2024-08-16,West,Technology,Laptops,Home Office,279.02,12,0.1,62.96
2023-10-12,North,Office Supplies,Storage,Corporate,34.57,8,0.1,4.75
2024-07-28,West,Furniture,Tables,Corporate,259.68,6,0.1,23.84
2023-02-20,South,Office Supplies,Paper,Corporate,194.26,5,0.2,2.76
2024-10-01,East,Furniture,Bookcases,Corporate,217.93,9,0.2,42.0
2024-08-09,South,Office Supplies,Binders,Consumer,308.25,13,0.0,101.38
2023-06-15,East,Technology,Phones,Consumer,74.37,4,0.2,-6.9
2023-06-06,South,Furniture,Chairs,Corporate,277.35,13,0.0,90.68
2023-06-17,North,Office Supplies,Storage,Home Office,306.85,8,0.2,46.4
2024-10-31,East,Office Supplies,Storage,Home Office,837.93,13,0.3,41.11
2024-10-31,North,Technology,Accessories,Corporate,296.32,7,0.1,90.15
2024-12-09,East,Office Supplies,Paper,Corporate,265.5,2,0.0,95.45
2023-05-08,South,Furniture,Chairs,Corporate,126.95,10,0.2,12.57
2024-01-01,West,Furniture,Chairs,Home Office,240.61,7,0.1,52.1
2023-10-22,East,Technology,Accessories,Consumer,622.53,1,0.1,155.05
2024-05-27,East,Furniture,Tables,Corporate,271.9,3,0.1,61.59
2024-03-10,West,Office Supplies,Storage,Corporate,117.45,12,0.1,11.12
2023-05-11,North,Furniture,Tables,Corporate,24.09,12,0.1,-8.65
2024-06-02,East,Office Supplies,Binders,Corporate,34.07,1,0.1,34.96
2023-11-01,West,Office Supplies,Binders,Corporate,1126.0,14,0.2,150.65
2024-04-13,East,Office Supplies,Storage,Consumer,196.06,6,0.2,12.77
2023-09-15,East,Technology,Accessories,Corporate,123.59,14,0.2,6.81
2024-10-02,South,Office Supplies,Storage,Home Office,121.53,10,0.3,28.54
2023-03-31,North,Office Supplies,Binders,Home Office,299.77,5,0.0,110.26
2024-06-29,North,Office Supplies,Binders,Corporate,365.19,14,0.3,27.45
2023-06-02,South,Furniture,Bookcases,Corporate,79.17,13,0.1,42.4
2023-10-24,East,Technology,Accessories,Home Office,419.63,9,0.0,149.85
2023-08-30,East,Furniture,Tables,Consumer,166.79,9,0.0,75.86
2023-09-20,North,Office Supplies,Paper,Corporate,38.45,11,0.4,-15.28
2023-05-09,West,Technology,Phones,Consumer,92.69,6,0.0,29.41
2023-01-09,East,Office Supplies,Binders,Home Office,31.66,10,0.1,-7.42
2023-12-18,West,Technology,Phones,Consumer,58.6,13,0.2,11.84
2024-03-17,North,Office Supplies,Binders,Corporate,73.38,3,0.4,-25.3
2024-05-25,South,Office Supplies,Binders,Home Office,165.77,1,0.1,33.26
2023-01-05,West,Furniture,Chairs,Corporate,33.16,13,0.1,13.45
2023-01-28,South,Technology,Laptops,Consumer,196.38,7,0.4,-7.11
2024-10-27,East,Technology,Phones,Consumer,281.05,4,0.0,93.63
2023-10-16,North,Technology,Phones,Consumer,383.37,13,0.0,109.75
2024-04-21,North,Technology,Phones,Corporate,1435.63,13,0.3,71.71
2024-10-14,East,Technology,Laptops,Consumer,174.39,3,0.1,24.05
2023-04-14,East,Technology,Laptops,Consumer,255.47,9,0.0,67.31
2024-10-22,East,Technology,Accessories,Home Office,173.29,5,0.4,20.88
2023-12-16,West,Office Supplies,Storage,Consumer,202.49,8,0.1,56.59
2024-03-30,East,Office Supplies,Binders,Corporate,118.98,5,0.3,18.03
2024-05-16,South,Office Supplies,Storage,Corporate,53.9,6,0.0,41.75
2023-02-20,North,Technology,Phones,Corporate,109.13,1,0.0,33.2
2023-05-19,West,Office Supplies,Paper,Consumer,231.52,14,0.1,55.8
2024-11-29,South,Furniture,Tables,Home Office,42.52,3,0.0,21.59
2024-02-08,North,Technology,Phones,Corporate,53.94,6,0.3,33.22
2023-08-30,West,Furniture,Tables,Corporate,48.42,8,0.2,17.89
2024-01-22,North,Furniture,Tables,Home Office,,11,0.0,48.53
2023-05-07,South,Office Supplies,Storage,Home Office,29.79,9,0.0,15.28
2024-01-29,North,Furniture,Chairs,Corporate,466.53,9,0.1,103.55
2024-08-31,North,Office Supplies,Paper,Consumer,210.53,1,0.0,87.18
2024-07-03,North,Furniture,Bookcases,Corporate,235.46,8,0.2,27.97
2024-12-23,West,Furniture,Bookcases,Home Office,122.3,1,0.1,43.12
2024-04-18,West,Office Supplies,Binders,Corporate,117.18,1,0.2,1.38
2024-07-16,West,Technology,Accessories,Consumer,83.61,8,0.2,22.76
2023-10-29,East,Furniture,Chairs,Corporate,147.7,2,0.2,7.94
2024-05-30,South,Furniture,Bookcases,Consumer,52.07,11,0.0,6.66
2023-11-10,East,Technology,Laptops,Home Office,47.3,4,0.3,3.4
2024-02-07,East,Technology,Phones,Consumer,145.65,11,0.0,30.91
2024-07-27,North,Office Supplies,Paper,Corporate,281.52,1,0.2,53.32
2023-08-27,North,Furniture,Chairs,Consumer,53.45,1,0.2,14.72
2024-02-23,East,Furniture,Chairs,Home Office,115.7,11,0.1,45.61
2024-08-10,South,Furniture,Tables,Corporate,396.25,13,0.4,-8.69
2024-11-02,East,Office Supplies,Paper,Corporate,449.38,10,0.2,86.43
2024-05-29,East,Furniture,Tables,Consumer,147.86,12,0.0,50.56
2023-12-08,South,Furniture,Chairs,Consumer,402.54,4,0.0,127.51
2024-02-09,East,Furniture,Tables,Consumer,130.4,11,0.2,7.29
2024-01-09,South,Office Supplies,Storage,Corporate,41.24,8,0.0,2.17
2023-10-04,West,Furniture,Chairs,Consumer,428.91,3,0.0,156.78
2024-04-18,North,Office Supplies,Binders,Corporate,946.36,11,0.1,232.8
2024-11-27,East,Furniture,Chairs,Corporate,334.1,1,0.0,120.02
2023-05-14,North,Office Supplies,Binders,Consumer,109.14,2,0.0,0.17
2024-07-09,East,Office Supplies,Paper,Home Office,94.68,9,0.1,-7.22
2023-12-08,East,Furniture,Chairs,Consumer,127.25,1,0.0,16.42
2024-03-25,East,Furniture,Chairs,Home Office,173.74,2,0.1,27.94
2024-09-18,West,Office Supplies,Binders,Corporate,118.71,8,0.2,22.43
2024-06-24,East,Office Supplies,Storage,Home Office,725.46,11,0.1,184.45
2024-07-19,West,Furniture,Bookcases,Consumer,278.18,7,0.2,39.25
2023-03-06,West,Technology,Laptops,Corporate,30.62,11,0.2,12.16
2023-09-07,East,Technology,Accessories,Home Office,124.99,4,0.2,22.34
2023-10-20,West,Furniture,Chairs,Corporate,89.66,10,0.1,41.0
2024-08-06,West,Office Supplies,Binders,Consumer,131.08,14,0.0,63.1
2023-02-22,East,Office Supplies,Storage,Consumer,360.55,1,0.0,123.59
2023-09-02,South,Technology,Phones,Corporate,291.35,11,0.0,104.95
2024-04-03,East,Furniture,Tables,Consumer,99.35,7,0.0,46.37
2024-07-21,South,Furniture,Chairs,Home Office,170.77,8,0.3,27.34
2023-11-26,East,Technology,Laptops,Home Office,393.89,14,0.3,40.44
2023-11-27,South,Furniture,Tables,Home Office,246.11,6,0.2,62.04
2023-02-27,South,Furniture,Bookcases,Corporate,1103.71,3,0.2,143.75
2024-10-21,West,Furniture,Bookcases,Consumer,167.0,4,0.1,65.99
2023-08-13,South,Technology,Laptops,Consumer,181.97,7,0.0,75.64
2023-02-16,South,Office Supplies,Storage,Corporate,424.67,4,0.3,25.59
2024-05-19,North,Furniture,Chairs,Consumer,42.22,13,0.0,2.38
2024-11-23,West,Technology,Accessories,Corporate,41.37,6,0.1,28.7
2024-04-11,West,Technology,Laptops,Home Office,749.34,11,0.1,183.83
2024-11-06,South,Office Supplies,Storage,Consumer,395.96,1,0.1,95.06
2024-02-11,South,Furniture,Tables,Consumer,165.86,7,0.1,38.38
2024-11-28,South,Office Supplies,Binders,Consumer,66.21,9,0.1,6.77
2023-03-29,West,Furniture,Chairs,Home Office,81.44,4,0.0,17.61
2024-11-15,East,Furniture,Tables,Corporate,26.06,1,0.2,13.75
2024-12-27,South,Technology,Phones,Corporate,91.13,2,0.0,13.17
2024-06-07,West,Office Supplies,Storage,Corporate,1854.75,3,0.0,638.49
2024-02-06,East,Furniture,Tables,Home Office,35.53,1,0.0,32.96
2024-07-12,West,Office Supplies,Paper,Corporate,484.46,2,0.0,179.67
2024-01-06,South,Furniture,Tables,Consumer,34.13,13,0.0,-9.09
2024-08-06,North,Office Supplies,Storage,Corporate,232.61,14,0.0,99.11
2024-06-15,East,Office Supplies,Paper,Corporate,51.38,12,0.1,21.97
2023-04-29,South,Technology,Laptops,Corporate,872.57,14,0.1,222.27
2023-08-03,South,Office Supplies,Paper,Corporate,94.15,7,0.1,1.81
2024-02-05,South,Technology,Laptops,Home Office,53.57,3,0.0,1.49
2024-03-25,South,Office Supplies,Binders,Home Office,42.88,12,0.1,4.39
2024-04-22,East,Furniture,Tables,Home Office,94.64,6,0.2,10.07
2024-05-12,North,Furniture,Bookcases,Home Office,189.32,12,0.1,45.84
2023-08-30,East,Furniture,Tables,Home Office,104.01,6,0.1,43.99
2024-03-29,East,Furniture,Tables,Home Office,1055.19,9,0.0,356.37
2024-12-26,North,Furniture,Chairs,Home Office,296.61,6,0.0,118.17
2024-11-27,West,Technology,Laptops,Corporate,110.38,5,0.0,45.29
2023-11-20,North,Furniture,Tables,Consumer,314.19,10,0.1,103.47
2023-01-08,East,Office Supplies,Paper,Consumer,212.8,5,0.2,15.64
2023-04-09,West,Furniture,Bookcases,Home Office,72.43,14,0.0,29.37
2023-10-04,East,Technology,Accessories,Consumer,465.23,12,0.2,86.24
2024-03-20,South,Furniture,Tables,Consumer,144.32,4,0.1,28.59
2024-05-07,North,Technology,Laptops,Home Office,132.47,13,0.2,-0.21
2023-01-11,North,Office Supplies,Binders,Home Office,97.58,5,0.1,27.25
2023-03-14,West,Technology,Phones,Consumer,874.87,12,0.0,311.14
2023-02-10,West,Furniture,Bookcases,Home Office,625.73,12,0.0,224.87
2023-07-11,South,Office Supplies,Storage,Corporate,44.79,10,0.1,-25.84
2024-09-17,West,Office Supplies,Storage,Home Office,398.77,3,0.1,103.45
2024-11-23,South,Furniture,Chairs,Corporate,154.1,7,0.0,57.86
2023-06-06,North,Office Supplies,Storage,Home Office,273.87,1,0.2,12.06
2023-03-17,West,Technology,Laptops,Consumer,108.55,6,0.3,-2.33
2023-04-28,South,Furniture,Bookcases,Home Office,29.29,5,0.1,
2023-12-30,South,Office Supplies,Paper,Corporate,36.88,9,0.2,23.32
2024-06-04,West,Office Supplies,Binders,Corporate,,2,0.2,26.94
2023-10-29,West,Furniture,Chairs,Consumer,238.33,8,0.0,99.03
2024-10-26,South,Office Supplies,Binders,Home Office,219.94,14,0.2,42.36
2023-05-10,North,Office Supplies,Paper,Consumer,375.6,1,0.0,157.08
2024-11-30,West,Technology,Laptops,Home Office,185.32,8,0.0,60.2
2023-08-15,West,Technology,Accessories,Home Office,131.45,7,0.0,61.31
2023-07-02,East,Furniture,Bookcases,Corporate,128.33,12,0.2,-2.91
2024-03-01,North,Technology,Phones,Corporate,230.7,5,0.3,14.28
2023-11-09,West,Technology,Phones,Corporate,912.51,12,0.3,52.61
2024-11-23,West,Furniture,Bookcases,Consumer,166.16,12,0.1,35.43
2023-04-13,West,Furniture,Bookcases,Corporate,90.41,3,0.2,22.51
2023-10-28,West,Office Supplies,Storage,Corporate,97.2,6,0.1,30.06
2023-01-21,West,Technology,Accessories,Consumer,417.89,6,0.2,61.09
2023-12-15,South,Furniture,Tables,Home Office,829.43,2,0.0,300.82
2023-09-11,West,Furniture,Tables,Home Office,45.79,2,0.0,17.57
2023-07-20,East,Furniture,Chairs,Corporate,34.64,14,0.0,10.2
2023-05-15,North,Technology,Phones,Corporate,114.87,12,0.0,48.71
2023-11-30,South,Furniture,Tables,Corporate,408.87,2,0.1,104.02
2023-12-08,East,Office Supplies,Storage,Corporate,150.97,6,0.1,72.93
2023-09-16,East,Technology,Accessories,Corporate,620.41,12,0.0,233.72
2023-03-29,East,Office Supplies,Binders,Corporate,192.45,9,0.1,46.63
2024-02-21,East,Technology,Phones,Corporate,745.21,3,0.1,187.68
2023-02-08,East,Furniture,Chairs,Consumer,482.79,9,0.1,107.38
2024-09-11,East,Office Supplies,Storage,Consumer,78.56,8,0.0,10.33
2024-06-01,North,Furniture,Bookcases,Consumer,644.19,11,0.2,83.65
2024-03-04,North,Furniture,Bookcases,Consumer,297.75,14,0.2,44.99
2023-08-13,North,Office Supplies,Binders,Consumer,48.99,13,0.2,-12.46
2023-08-08,North,Furniture,Chairs,Corporate,382.96,12,0.3,37.96
2024-02-22,East,Office Supplies,Paper,Corporate,84.52,5,0.0,13.22
2023-08-17,West,Office Supplies,Storage,Consumer,1366.6,9,0.3,53.86
2024-07-28,West,Technology,Phones,Corporate,50.58,9,0.0,23.01
2024-05-04,North,Furniture,Tables,Home Office,223.24,7,0.1,72.09
2023-09-11,East,Office Supplies,Binders,Home Office,120.93,5,0.1,31.25
2023-05-11,South,Furniture,Bookcases,Home Office,86.27,8,0.1,42.45
2024-01-28,West,Technology,Accessories,Consumer,187.44,11,0.0,47.83
2023-02-04,East,Technology,Accessories,Home Office,299.07,8,0.1,63.21
2023-11-21,South,Technology,Accessories,Home Office,487.9,1,0.0,167.56
2023-05-06,East,Office Supplies,Binders,Corporate,522.55,5,0.4,-32.01
2023-11-14,West,Technology,Phones,Consumer,460.7,8,0.2,70.09
2023-10-23,North,Furniture,Tables,Corporate,115.28,12,0.1,24.66
2023-02-22,North,Furniture,Bookcases,Consumer,238.73,11,0.0,86.78
2024-06-14,West,Technology,Phones,Consumer,197.77,6,0.1,54.97
2023-04-22,North,Furniture,Tables,Consumer,297.49,14,0.1,93.15
2023-08-04,North,Technology,Laptops,Home Office,281.36,11,0.0,96.22
2023-07-08,West,Technology,Laptops,Home Office,300.9,11,0.0,110.04
2024-09-19,East,Furniture,Bookcases,Corporate,1159.22,8,0.1,293.34
2023-04-03,West,Furniture,Chairs,Consumer,215.23,9,0.2,3.6
2023-06-05,West,Furniture,Chairs,Consumer,89.75,2,0.1,3.5
2024-12-06,West,Technology,Laptops,Home Office,122.13,9,0.2,18.75
2023-08-21,South,Technology,Phones,Consumer,365.94,8,0.2,72.76
2024-11-18,West,Technology,Phones,Corporate,659.16,12,0.1,144.35
2023-02-08,East,Furniture,Tables,Consumer,272.19,6,0.2,16.15
2023-07-20,South,Furniture,Bookcases,Corporate,63.55,4,0.2,-15.74
2023-07-10,West,Furniture,Chairs,Home Office,130.72,9,0.4,-8.06
2024-04-06,North,Office Supplies,Binders,Home Office,239.59,8,0.2,46.15
2023-01-01,West,Furniture,Chairs,Home Office,183.75,6,0.0,71.03
2023-06-26,East,Furniture,Chairs,Corporate,758.07,11,0.0,235.28
2023-08-22,West,Furniture,Chairs,Consumer,268.63,14,0.2,36.88
2024-04-04,East,Technology,Laptops,Home Office,282.3,4,0.3,23.62
2024-06-04,West,Office Supplies,Binders,Home Office,375.72,4,0.0,130.31
2023-01-14,North,Furniture,Bookcases,Consumer,53.99,11,0.0,14.21
2024-01-04,South,Technology,Phones,Corporate,260.06,9,0.0,101.51
2024-07-18,North,Technology,Phones,Consumer,114.11,6,0.0,29.88
2023-11-09,West,Technology,Accessories,Home Office,23.57,6,0.0,27.75
2023-02-09,East,Office Supplies,Paper,Corporate,29.35,4,0.3,-7.93
2024-11-15,West,Technology,Phones,Consumer,277.36,1,0.2,27.56
2024-01-20,East,Technology,Laptops,Corporate,59.46,11,0.0,13.15
2023-09-18,West,Furniture,Tables,Consumer,279.56,10,0.0,82.62
2023-03-04,East,Technology,Phones,Corporate,338.65,5,0.2,45.61
2024-09-15,West,Office Supplies,Storage,Home Office,546.0,12,0.2,115.47
2024-04-20,North,Technology,Accessories,Corporate,760.91,5,0.1,174.75
2024-02-03,North,Technology,Phones,Corporate,449.41,9,0.0,178.63
2024-12-30,South,Office Supplies,Binders,Home Office,347.56,4,0.4,13.42
2023-09-30,East,Technology,Phones,Corporate,1535.71,13,0.2,217.45
2023-05-26,East,Furniture,Chairs,Home Office,1043.7,11,0.0,369.27
2024-11-17,North,Office Supplies,Storage,Consumer,132.05,12,0.1,29.53
2023-08-17,North,Technology,Accessories,Consumer,180.98,9,0.1,36.42
2023-02-01,South,Office Supplies,Storage,Corporate,674.01,7,0.3,33.71
2024-05-20,West,Office Supplies,Paper,Home Office,136.32,11,0.0,34.52
2023-06-02,North,Technology,Laptops,Corporate,246.67,6,0.0,82.94
2024-12-02,West,Technology,Phones,Corporate,88.2,13,0.1,22.69
2023-07-17,North,Technology,Accessories,Consumer,386.4,4,0.4,-21.69
2023-09-16,East,Technology,Laptops,Home Office,161.75,7,0.3,20.58
2024-12-17,West,Technology,Accessories,Corporate,249.66,3,0.0,56.95
2023-04-27,North,Office Supplies,Paper,Home Office,459.37,14,0.1,119.56
2023-03-01,East,Technology,Laptops,Home Office,496.93,13,0.1,143.28
2024-01-21,South,Office Supplies,Storage,Consumer,352.03,1,0.3,23.77
2023-09-03,East,Furniture,Tables,Consumer,217.55,6,0.1,43.55
2024-01-21,East,Office Supplies,Storage,Home Office,56.13,11,0.3,11.49
2024-01-08,West,Technology,Phones,Corporate,301.33,1,0.2,45.2
2023-08-11,East,Furniture,Bookcases,Home Office,68.03,7,0.1,-4.37
2024-09-22,North,Furniture,Chairs,Consumer,780.5,4,0.1,190.22
2024-07-23,West,Office Supplies,Binders,Corporate,44.56,12,0.1,21.24
2023-05-02,North,Technology,Phones,Corporate,304.57,3,0.1,77.54
2024-03-14,South,Technology,Phones,Consumer,422.09,9,0.4,-43.49
2024-05-30,South,Furniture,Chairs,Corporate,70.47,10,0.3,23.03
2024-10-03,North,Furniture,Chairs,Home Office,55.44,8,0.0,4.45
2024-08-26,South,Technology,Laptops,Home Office,300.03,5,0.0,128.28
2023-11-26,South,Furniture,Bookcases,Home Office,40.26,3,0.2,3.92
2024-08-23,South,Office Supplies,Binders,Home Office,82.32,9,0.0,5.72
2024-06-20,South,Office Supplies,Binders,Corporate,217.1,12,0.1,50.33
2023-04-10,East,Furniture,Bookcases,Corporate,271.08,7,0.0,93.05
2023-08-14,South,Office Supplies,Paper,Home Office,62.63,7,0.0,4.38
2024-01-27,West,Office Supplies,Storage,Home Office,215.74,11,0.1,44.95
2024-02-29,East,Furniture,Bookcases,Home Office,269.61,10,0.1,70.29
2024-05-30,South,Technology,Phones,Home Office,54.34,4,0.0,23.32
2023-04-28,East,Furniture,Bookcases,Home Office,202.46,6,0.2,10.19
2023-02-06,North,Office Supplies,Paper,Corporate,462.35,10,0.4,-31.06
2023-07-01,West,Technology,Laptops,Home Office,1128.31,12,0.1,274.32
2024-07-09,North,Office Supplies,Storage,Corporate,88.99,1,0.0,23.13
2023-06-30,South,Office Supplies,Binders,Corporate,78.4,5,0.1,16.65
2024-12-14,North,Office Supplies,Paper,Corporate,130.0,9,0.0,45.17
2024-09-04,South,Technology,Phones,Home Office,771.61,10,0.2,116.19
2024-04-19,North,Furniture,Bookcases,Consumer,179.49,4,0.3,36.96
2024-02-09,East,Office Supplies,Binders,Corporate,715.41,13,0.2,108.52
2023-01-15,West,Furniture,Tables,Consumer,1037.86,13,0.0,356.39
2023-09-21,West,Technology,Laptops,Consumer,222.5,7,0.3,9.8
2024-11-18,North,Office Supplies,Paper,Consumer,95.29,6,0.2,26.59
2024-07-03,North,Furniture,Tables,Consumer,728.98,14,0.2,116.43
2023-09-19,North,Furniture,Chairs,Home Office,72.16,12,0.1,16.13
2023-06-27,West,Technology,Laptops,Consumer,75.54,2,0.1,21.8
2023-02-27,West,Technology,Phones,Corporate,338.38,11,0.0,119.58
2023-09-07,South,Office Supplies,Binders,Consumer,265.91,9,0.1,97.25
2023-04-08,East,Furniture,Bookcases,Home Office,343.04,14,0.0,112.3
2024-01-29,West,Furniture,Bookcases,Consumer,140.88,6,0.0,38.13
2023-04-09,East,Technology,Phones,Corporate,55.68,1,0.3,8.37
2023-02-16,West,Technology,Phones,Consumer,207.79,4,0.3,-3.68
2024-07-28,East,Technology,Phones,Corporate,235.16,4,0.0,83.72
2023-09-13,West,Technology,Phones,Corporate,,4,0.0,12.56
2023-06-10,South,Office Supplies,Paper,Home Office,646.47,2,0.3,3.29
2024-04-04,West,Technology,Phones,Home Office,195.62,10,0.0,70.6
2023-03-25,West,Technology,Phones,Corporate,56.09,2,0.0,42.1
2023-10-10,East,Technology,Phones,Corporate,107.86,2,0.3,47.8
2024-11-06,North,Technology,Phones,Consumer,189.8,10,0.1,45.81
2024-06-09,West,Furniture,Bookcases,Home Office,119.32,5,0.1,1.14
2024-09-28,West,Office Supplies,Binders,Corporate,43.43,14,0.0,48.78
2023-01-01,North,Furniture,Bookcases,Consumer,87.78,9,0.1,27.07
2024-12-11,East,Technology,Phones,Home Office,76.5,14,0.1,18.84
2024-03-19,North,Furniture,Tables,Corporate,90.88,7,0.4,-23.19
2024-11-29,North,Office Supplies,Binders,Home Office,32.09,4,0.2,-18.83
2023-03-03,North,Furniture,Tables,Consumer,,12,0.1,165.39
2024-11-02,West,Technology,Accessories,Home Office,727.05,5,0.2,116.53
2024-12-05,South,Office Supplies,Storage,Consumer,46.86,14,0.2,-23.59
2024-12-04,West,Technology,Accessories,Consumer,138.32,11,0.3,14.78
2024-11-19,North,Furniture,Tables,Home Office,173.72,7,0.2,37.03
2023-04-06,West,Furniture,Bookcases,Consumer,32.62,4,0.2,-9.82
2023-11-02,North,Office Supplies,Storage,Corporate,,2,0.1,229.91
2024-04-04,North,Office Supplies,Storage,Consumer,491.3,13,0.2,50.11
2024-12-14,North,Technology,Accessories,Consumer,294.46,8,0.0,108.59
2024-03-01,North,Technology,Phones,Consumer,457.74,14,0.3,22.6
2023-08-25,North,Technology,Laptops,Home Office,509.95,8,0.0,185.94
2024-05-11,South,Furniture,Bookcases,Corporate,385.0,5,0.4,-20.04
2023-10-12,East,Office Supplies,Binders,Home Office,400.69,13,0.1,125.37
2023-01-12,South,Technology,Laptops,Home Office,216.66,7,0.4,-7.95
2023-03-17,South,Furniture,Bookcases,Consumer,152.2,13,0.0,27.56
2023-01-17,South,Technology,Accessories,Corporate,180.82,8,0.1,41.58
2024-10-25,North,Furniture,Bookcases,Consumer,659.84,2,0.0,217.52
2024-11-30,South,Office Supplies,Storage,Consumer,306.95,14,0.2,41.45
2024-11-07,East,Office Supplies,Binders,Consumer,272.41,1,0.2,36.28
2024-11-16,South,Furniture,Bookcases,Corporate,129.56,9,0.0,32.18
2023-08-11,West,Furniture,Bookcases,Home Office,619.92,4,0.4,-41.61
2023-11-06,South,Technology,Laptops,Corporate,310.58,4,0.1,94.81
2024-07-14,North,Office Supplies,Storage,Consumer,211.72,7,0.4,1.88
2023-10-04,South,Technology,Phones,Home Office,144.87,2,0.2,44.63
2024-11-03,West,Technology,Phones,Consumer,130.85,12,0.4,-22.06
2023-11-23,North,Technology,Phones,Home Office,49.3,11,0.1,20.44
2023-10-01,East,Furniture,Chairs,Home Office,206.28,12,0.1,30.22
2023-11-12,West,Technology,Accessories,Consumer,,13,0.2,64.88
2024-11-16,North,Furniture,Chairs,Corporate,258.3,6,0.3,20.07
2023-10-09,East,Furniture,Chairs,Corporate,294.67,9,0.4,-4.24
2023-10-19,East,Office Supplies,Storage,Corporate,372.84,8,0.2,26.77
2023-01-22,North,Furniture,Chairs,Home Office,38.33,1,0.1,-15.71
2024-04-12,North,Technology,Phones,Home Office,357.41,2,0.3,40.68
2024-08-14,South,Furniture,Chairs,Consumer,88.06,14,0.0,6.14
2023-09-13,West,Furniture,Tables,Home Office,62.33,1,0.3,6.52
2023-10-25,East,Furniture,Tables,Home Office,263.97,7,0.0,87.53
2024-09-15,West,Furniture,Bookcases,Home Office,414.99,2,0.1,75.98
2023-01-15,West,Technology,Laptops,Corporate,448.79,1,0.0,144.99
2024-07-01,West,Furniture,Tables,Consumer,110.64,1,0.2,29.43
2023-07-15,South,Furniture,Chairs,Corporate,321.67,7,0.0,117.3
2023-03-13,West,Furniture,Chairs,Corporate,69.66,1,0.2,-5.54
2024-07-07,East,Office Supplies,Storage,Corporate,170.25,2,0.2,29.07
2023-05-13,South,Technology,Laptops,Corporate,779.46,10,0.1,175.78
2024-05-17,West,Office Supplies,Storage,Consumer,163.28,13,0.2,42.86
2023-04-27,North,Technology,Accessories,Home Office,427.02,8,0.1,116.78
2024-01-07,West,Furniture,Bookcases,Corporate,49.84,3,0.3,-20.84
2024-01-24,South,Furniture,Bookcases,Consumer,573.72,12,0.3,39.03
2024-03-30,South,Office Supplies,Binders,Consumer,262.05,12,0.1,74.72
2023-11-20,West,Furniture,Tables,Consumer,24.26,2,0.0,14.66
2024-03-30,West,Office Supplies,Binders,Consumer,339.18,14,0.2,44.11
2024-06-30,West,Furniture,Bookcases,Consumer,92.21,5,0.0,55.06
2024-10-29,North,Office Supplies,Binders,Home Office,510.9,7,0.0,180.03
2023-12-29,East,Office Supplies,Paper,Corporate,123.88,9,0.2,43.27
2023-02-23,South,Office Supplies,Binders,Corporate,315.15,11,0.2,41.24
2023-10-01,West,Office Supplies,Paper,Home Office,423.38,2,0.0,153.84
2024-02-22,South,Technology,Laptops,Corporate,748.54,9,0.0,246.18
2023-05-24,South,Technology,Phones,Corporate,233.25,11,0.3,21.6
2024-06-12,North,Furniture,Bookcases,Consumer,121.14,10,0.2,12.65
2024-08-16,South,Technology,Laptops,Consumer,470.41,12,0.0,180.16
2023-04-25,West,Furniture,Tables,Consumer,613.75,3,0.1,164.93
2023-07-01,West,Furniture,Chairs,Home Office,425.38,5,0.2,68.9
2024-11-05,North,Office Supplies,Paper,Home Office,433.64,13,0.1,116.55
2023-07-17,East,Technology,Laptops,Consumer,75.22,1,0.1,1.65
2024-04-11,North,Office Supplies,Binders,Consumer,107.01,2,0.4,-12.17
2023-08-10,North,Technology,Phones,Consumer,452.91,14,0.0,167.62
2024-08-24,North,Furniture,Tables,Corporate,73.51,13,0.4,0.1
2024-10-18,West,Office Supplies,Paper,Home Office,694.85,9,0.0,246.63
2023-12-13,West,Office Supplies,Paper,Consumer,65.44,8,0.0,25.0
2023-04-06,East,Office Supplies,Storage,Home Office,499.87,10,0.3,57.23
2023-01-02,West,Office Supplies,Storage,Corporate,54.33,5,0.0,40.0
2024-08-04,South,Technology,Accessories,Corporate,42.2,11,0.0,10.35
2024-09-28,West,Technology,Phones,Consumer,373.11,4,0.0,144.27
2024-04-21,East,Office Supplies,Paper,Home Office,817.77,1,0.0,277.59
2023-05-27,North,Technology,Laptops,Consumer,76.07,14,0.0,13.6
2023-05-24,North,Furniture,Bookcases,Corporate,130.48,7,0.0,35.74
2024-10-20,East,Technology,Accessories,Home Office,466.86,11,0.4,-12.67
2023-02-18,North,Furniture,Tables,Consumer,314.45,12,0.0,113.63
2023-01-29,East,Office Supplies,Binders,Corporate,89.16,8,0.2,-11.17
2023-05-29,West,Office Supplies,Paper,Home Office,222.73,4,0.0,42.67
2024-11-12,South,Furniture,Tables,Home Office,200.24,5,0.0,87.73
2024-03-03,West,Technology,Accessories,Corporate,91.35,11,0.2,15.63
2023-12-12,East,Furniture,Chairs,Home Office,209.75,3,0.2,54.13
2023-01-17,North,Office Supplies,Binders,Corporate,707.91,3,0.0,246.52
2024-02-14,West,Office Supplies,Paper,Consumer,51.73,7,0.0,12.77
2024-11-28,North,Technology,Accessories,Home Office,448.18,14,0.0,159.69
2024-05-31,West,Office Supplies,Paper,Home Office,128.65,13,0.0,32.5
2023-01-05,East,Office Supplies,Binders,Consumer,100.05,6,0.1,
2024-12-16,North,Furniture,Chairs,Home Office,108.96,4,0.0,19.48
2023-12-14,East,Office Supplies,Storage,Home Office,125.96,8,0.2,21.95
2023-09-01,East,Office Supplies,Paper,Corporate,,9,0.1,135.68
2024-10-07,South,Furniture,Chairs,Corporate,918.04,7,0.0,319.16
2023-10-10,North,Technology,Phones,Home Office,151.77,11,0.0,35.27
2024-09-04,South,Technology,Phones,Corporate,381.67,2,0.3,10.68
2023-03-25,North,Technology,Phones,Consumer,31.47,12,0.1,8.4
2023-12-08,West,Technology,Laptops,Consumer,630.58,8,0.1,156.14
2024-04-10,East,Office Supplies,Paper,Corporate,55.8,8,0.1,29.16
2023-04-09,West,Office Supplies,Storage,Home Office,188.16,1,0.1,51.52
2024-04-29,East,Furniture,Chairs,Consumer,65.23,8,0.0,45.31
2023-03-02,West,Office Supplies,Paper,Corporate,358.34,6,0.0,127.69
2023-10-14,North,Office Supplies,Binders,Consumer,488.98,8,0.1,114.81
2024-10-06,West,Technology,Laptops,Home Office,71.58,14,0.0,45.39
2023-06-06,West,Office Supplies,Paper,Consumer,138.38,14,0.2,9.04
2024-09-01,North,Furniture,Chairs,Consumer,393.17,9,0.1,87.63
2024-10-20,North,Office Supplies,Paper,Home Office,120.18,13,0.2,-2.63
2023-01-01,North,Technology,Phones,Consumer,507.16,4,0.2,78.9
2023-02-27,West,Technology,Phones,Corporate,338.38,11,0.0,119.58
2023-08-15,East,Office Supplies,Paper,Consumer,99.27,1,0.2,-16.01
2023-01-20,South,Office Supplies,Binders,Home Office,70.87,4,0.0,40.98
2023-11-30,West,Technology,Laptops,Home Office,25.34,2,0.0,25.2
2024-12-09,North,Technology,Phones,Home Office,217.99,5,0.0,47.82
2023-01-10,East,Furniture,Tables,Corporate,138.45,12,0.0,86.27
2024-01-11,East,Technology,Laptops,Consumer,66.24,12,0.0,14.07
2023-11-10,South,Furniture,Bookcases,Corporate,,13,0.2,-5.41
2024-05-11,West,Technology,Laptops,Consumer,30.28,12,0.0,29.74
2024-03-07,East,Office Supplies,Binders,Corporate,77.93,3,0.0,2.3
2024-12-07,South,Furniture,Tables,Corporate,198.9,8,0.1,61.06
2024-08-12,North,Furniture,Bookcases,Consumer,1699.89,7,0.4,-82.0
2024-11-02,North,Technology,Accessories,Corporate,264.02,2,0.3,
2023-08-13,South,Office Supplies,Storage,Corporate,139.89,7,0.3,-7.17
2024-05-03,North,Technology,Accessories,Corporate,142.23,6,0.4,4.39
2023-02-05,East,Office Supplies,Storage,Home Office,281.58,6,0.0,83.92
2024-05-14,South,Technology,Laptops,Corporate,336.47,5,0.0,104.83
2024-11-15,East,Technology,Phones,Corporate,529.16,2,0.1,157.64
2023-10-16,South,Technology,Laptops,Home Office,121.78,3,0.0,60.7
2023-05-27,East,Technology,Phones,Home Office,,14,0.1,47.26
2024-06-09,North,Furniture,Bookcases,Consumer,96.48,10,0.1,27.35
2023-12-29,East,Office Supplies,Storage,Home Office,134.19,11,0.0,67.04
2024-12-17,East,Technology,Phones,Home Office,186.33,1,0.2,26.34
2023-07-10,West,Furniture,Bookcases,Consumer,286.65,12,0.3,10.4
2023-06-01,West,Technology,Laptops,Consumer,257.41,7,0.1,66.32
2024-02-17,North,Office Supplies,Storage,Home Office,535.98,10,0.0,203.08
2023-08-04,South,Technology,Phones,Corporate,235.3,4,0.3,1.48
2023-08-23,East,Office Supplies,Storage,Home Office,129.04,4,0.0,45.95
2023-07-20,North,Technology,Accessories,Consumer,231.93,8,0.1,64.15
2024-04-03,West,Technology,Accessories,Home Office,125.12,6,0.0,59.89
2024-07-15,South,Furniture,Chairs,Corporate,202.46,5,0.2,32.79
2024-11-07,South,Furniture,Tables,Home Office,40.9,12,0.2,17.98
2024-10-21,South,Furniture,Chairs,Home Office,,5,0.2,22.57
2023-01-25,South,Furniture,Chairs,Home Office,337.57,6,0.0,133.26
2023-12-25,North,Technology,Accessories,Consumer,88.28,4,0.2,43.25
2024-10-26,South,Furniture,Chairs,Corporate,118.69,14,0.0,15.54
2024-06-20,North,Furniture,Chairs,Corporate,507.87,14,0.1,136.17
2024-01-08,East,Office Supplies,Paper,Home Office,66.22,8,0.0,35.45
2024-12-20,West,Technology,Laptops,Corporate,45.9,2,0.1,4.32
2023-02-23,West,Office Supplies,Binders,Home Office,202.74,1,0.1,30.63
2023-03-27,North,Furniture,Chairs,Consumer,30.6,10,0.0,7.92
2024-07-30,South,Technology,Laptops,Corporate,313.06,1,0.4,-43.5
2023-06-12,East,Furniture,Bookcases,Home Office,707.86,9,0.1,155.31
2023-02-07,South,Furniture,Bookcases,Consumer,88.83,14,0.0,57.59
2024-04-21,South,Office Supplies,Storage,Corporate,129.74,1,0.0,42.24
2024-11-30,North,Furniture,Chairs,Consumer,88.05,5,0.1,27.65
2024-05-15,South,Technology,Laptops,Home Office,329.19,3,0.2,48.67
2024-10-18,South,Office Supplies,Storage,Corporate,262.77,7,0.2,38.85
2024-06-09,North,Office Supplies,Storage,Corporate,130.04,8,0.2,26.74
2024-01-10,South,Furniture,Chairs,Home Office,274.86,7,0.1,80.11
2024-02-11,North,Office Supplies,Paper,Corporate,301.49,3,0.2,35.75
2023-10-03,North,Technology,Phones,Corporate,189.83,14,0.0,52.62
2023-10-12,North,Furniture,Bookcases,Corporate,279.42,6,0.0,115.56
2023-05-11,South,Technology,Laptops,Corporate,66.55,5,0.0,6.36
2024-07-11,South,Technology,Phones,Home Office,439.35,7,0.2,61.07
2023-07-27,West,Technology,Phones,Consumer,196.33,9,0.1,75.86
2023-06-21,South,Office Supplies,Paper,Home Office,195.36,3,0.1,50.65
2023-01-13,South,Office Supplies,Binders,Consumer,520.75,13,0.0,190.49
2024-02-06,South,Office Supplies,Binders,Corporate,76.35,2,0.0,15.6
2023-12-26,East,Furniture,Tables,Home Office,161.78,10,0.0,41.99
2023-11-01,East,Technology,Laptops,Home Office,116.56,8,0.0,55.04
2024-12-27,East,Furniture,Bookcases,Consumer,119.68,12,0.2,37.08
2023-07-06,West,Furniture,Chairs,Consumer,485.86,10,0.0,174.76
2024-03-15,North,Technology,Phones,Corporate,43.95,4,0.2,-22.61
2024-01-23,East,Technology,Accessories,Home Office,270.19,9,0.2,25.25
2024-04-25,East,Furniture,Chairs,Home Office,156.19,6,0.0,73.85
2024-12-18,West,Technology,Accessories,Consumer,57.49,8,0.1,32.15
2024-10-27,North,Furniture,Bookcases,Home Office,70.93,2,0.0,26.25
2024-03-04,North,Furniture,Chairs,Consumer,101.67,4,0.2,-0.5
2024-05-12,South,Office Supplies,Paper,Home Office,141.56,10,0.0,38.97
2024-08-20,North,Office Supplies,Paper,Consumer,382.38,3,0.1,79.32
2024-04-18,East,Technology,Accessories,Corporate,233.95,6,0.4,-21.09
2024-12-10,East,Furniture,Bookcases,Home Office,217.68,9,0.3,-4.19
2024-02-01,East,Technology,Accessories,Home Office,198.63,6,0.1,51.1
2023-10-16,North,Office Supplies,Paper,Corporate,279.06,5,0.1,71.59
2024-01-26,East,Office Supplies,Storage,Corporate,39.57,4,0.1,-1.33
2023-11-14,North,Furniture,Chairs,Home Office,278.14,5,0.4,-8.56
2024-01-10,North,Technology,Laptops,Home Office,127.67,14,0.1,15.73
2023-01-04,South,Office Supplies,Storage,Corporate,42.32,10,0.0,26.01
2024-10-20,West,Technology,Laptops,Corporate,152.31,6,0.0,38.91
2023-05-24,East,Furniture,Chairs,Corporate,236.77,1,0.2,53.83
2023-05-31,West,Furniture,Tables,Consumer,1034.83,11,0.0,364.75
2023-01-05,West,Office Supplies,Paper,Corporate,138.64,2,0.0,43.37
2024-06-10,North,Technology,Phones,Consumer,24.2,7,0.0,-16.66
2024-08-03,North,Office Supplies,Storage,Corporate,186.21,11,0.0,42.54
2023-10-30,East,Furniture,Tables,Corporate,188.49,12,0.1,57.09
2023-02-15,East,Furniture,Tables,Home Office,82.27,10,0.3,-17.03
2024-11-13,South,Furniture,Tables,Corporate,765.36,7,0.2,139.92
2023-11-19,West,Technology,Laptops,Consumer,26.38,1,0.1,13.77
2024-11-19,South,Furniture,Bookcases,Corporate,1014.24,10,0.3,68.35
2023-04-23,North,Office Supplies,Storage,Consumer,164.76,2,0.0,99.75
2023-04-09,North,Technology,Phones,Home Office,171.37,11,0.1,33.06
2023-02-17,West,Office Supplies,Binders,Home Office,167.98,9,0.0,63.59
2023-01-23,East,Office Supplies,Paper,Corporate,83.98,9,0.1,25.58
2023-12-04,South,Furniture,Chairs,Consumer,199.21,9,0.0,79.74
2024-09-11,North,Technology,Laptops,Consumer,77.66,7,0.0,26.15
2023-05-25,North,Furniture,Chairs,Home Office,323.74,1,0.1,66.04
2024-02-24,East,Office Supplies,Binders,Consumer,58.45,11,0.1,8.16
2024-09-23,East,Office Supplies,Binders,Corporate,870.81,2,0.3,55.63
2024-02-05,West,Furniture,Tables,Home Office,41.0,7,0.0,-12.33
2024-03-31,West,Office Supplies,Storage,Home Office,260.0,4,0.1,58.97
2023-01-14,South,Furniture,Tables,Home Office,1112.25,3,0.0,390.33
2023-08-04,North,Furniture,Tables,Home Office,110.51,14,0.0,46.35
2023-11-14,South,Technology,Laptops,Corporate,306.83,14,0.1,87.67
2024-02-01,South,Technology,Phones,Consumer,563.72,11,0.1,150.48
2024-07-16,East,Office Supplies,Paper,Home Office,810.34,2,0.2,114.74
2024-03-15,North,Office Supplies,Storage,Home Office,443.28,13,0.0,159.68
2023-10-25,West,Furniture,Bookcases,Corporate,196.15,6,0.2,22.31
2023-06-21,East,Technology,Phones,Corporate,897.26,8,0.2,133.26
2023-04-21,North,Furniture,Bookcases,Consumer,110.16,11,0.0,19.82
2024-12-27,West,Furniture,Bookcases,Home Office,74.62,14,0.0,37.71
2023-04-16,South,Office Supplies,Paper,Corporate,134.82,12,0.0,44.59
2023-04-28,South,Furniture,Tables,Corporate,589.19,12,0.0,224.96
2023-03-30,North,Office Supplies,Paper,Home Office,104.27,11,0.0,68.75
2023-07-14,West,Technology,Laptops,Corporate,491.75,2,0.3,21.41
2023-09-10,South,Technology,Laptops,Corporate,346.35,6,0.0,134.23
2024-08-29,East,Furniture,Bookcases,Corporate,113.51,13,0.0,43.37
2023-08-04,East,Office Supplies,Binders,Corporate,103.09,14,0.0,48.02
2023-10-05,South,Furniture,Chairs,Home Office,142.06,14,0.0,74.33
2023-04-30,North,Office Supplies,Storage,Home Office,638.68,7,0.0,224.18
2024-12-25,East,Technology,Accessories,Consumer,234.31,12,0.0,105.72
2023-03-28,North,Furniture,Chairs,Consumer,21.55,10,0.1,
2024-09-01,West,Office Supplies,Paper,Consumer,152.38,1,0.0,54.09
2023-11-19,West,Office Supplies,Storage,Consumer,883.07,13,0.0,304.24
2023-08-12,East,Office Supplies,Paper,Corporate,585.4,4,0.4,-20.72
2023-04-17,North,Furniture,Bookcases,Consumer,92.65,5,0.2,43.42
2023-01-07,East,Furniture,Bookcases,Corporate,410.26,6,0.3,-1.63
2023-07-26,East,Technology,Laptops,Consumer,173.84,1,0.0,87.06
2023-06-16,West,Technology,Phones,Corporate,88.71,14,0.1,12.43
2023-07-04,North,Furniture,Tables,Corporate,98.59,8,0.2,20.74
2023-12-22,South,Furniture,Tables,Consumer,494.5,2,0.1,125.86
2023-02-16,North,Technology,Phones,Home Office,862.71,9,0.1,205.29
2024-06-08,West,Technology,Laptops,Home Office,792.87,10,0.1,190.42
2023-05-13,North,Office Supplies,Binders,Home Office,48.24,1,0.0,-6.27
2023-06-14,North,Technology,Accessories,Consumer,130.23,6,0.1,32.07
2024-10-15,South,Office Supplies,Paper,Corporate,43.97,14,0.2,3.66
2024-07-27,East,Technology,Laptops,Corporate,146.02,8,0.2,26.55
2024-08-29,North,Furniture,Tables,Corporate,129.8,10,0.0,55.18
2024-05-17,West,Furniture,Bookcases,Corporate,123.62,11,0.1,
2023-01-02,South,Furniture,Bookcases,Consumer,823.42,11,0.2,132.77
2024-02-12,North,Technology,Laptops,Corporate,21.62,14,0.2,0.32
2024-09-25,South,Office Supplies,Binders,Corporate,484.28,10,0.0,164.06
2023-05-10,East,Furniture,Bookcases,Home Office,140.81,14,0.0,30.2
2024-07-20,East,Office Supplies,Paper,Home Office,228.53,11,0.1,30.8
2024-09-29,South,Office Supplies,Paper,Home Office,601.73,7,0.0,237.56
2024-08-10,North,Furniture,Chairs,Home Office,116.73,13,0.1,19.24
2024-11-30,North,Technology,Laptops,Corporate,150.41,3,0.0,44.26
2024-05-14,South,Technology,Accessories,Corporate,1178.53,10,0.0,420.24
2024-02-19,West,Office Supplies,Binders,Consumer,52.67,12,0.0,1.73
2024-11-26,South,Office Supplies,Paper,Consumer,110.78,8,0.0,25.71
2024-06-03,East,Furniture,Bookcases,Consumer,539.39,7,0.0,179.32
2024-07-26,North,Technology,Laptops,Consumer,52.94,7,0.2,-14.71
2024-07-01,East,Furniture,Tables,Home Office,338.58,5,0.2,29.91
2023-02-08,West,Office Supplies,Paper,Consumer,76.89,3,0.1,25.05
2023-02-06,North,Office Supplies,Binders,Home Office,106.42,13,0.0,32.61
2024-04-26,East,Technology,Laptops,Corporate,83.78,13,0.0,17.18
2023-12-30,South,Office Supplies,Storage,Consumer,281.21,6,0.1,61.18
2023-04-28,East,Office Supplies,Storage,Corporate,355.37,1,0.0,96.43
2024-09-04,South,Office Supplies,Paper,Consumer,181.14,8,0.2,32.98
2023-04-09,West,Furniture,Chairs,Home Office,,11,0.0,56.78
2023-11-17,North,Office Supplies,Storage,Corporate,269.08,2,0.0,103.91
2024-08-30,North,Technology,Laptops,Consumer,919.01,14,0.0,317.51
2023-06-25,North,Office Supplies,Binders,Corporate,168.54,11,0.2,34.87
2024-07-06,South,Office Supplies,Binders,Home Office,86.75,10,0.2,31.74
2024-07-06,South,Office Supplies,Storage,Corporate,263.85,7,0.1,73.22
2023-02-07,West,Office Supplies,Paper,Consumer,245.16,2,0.2,28.24
2024-02-20,South,Furniture,Chairs,Home Office,152.39,6,0.2,41.38
2024-10-15,West,Furniture,Bookcases,Consumer,30.19,14,0.0,38.87
2024-06-21,South,Office Supplies,Storage,Consumer,544.15,4,0.0,197.38
2023-02-08,West,Furniture,Bookcases,Corporate,451.27,1,0.2,109.15
2024-06-30,South,Furniture,Bookcases,Consumer,523.27,8,0.2,77.68
2024-02-05,West,Furniture,Tables,Consumer,403.59,4,0.2,41.56
2023-11-30,South,Technology,Accessories,Consumer,217.64,1,0.1,42.2
2024-12-11,South,Furniture,Bookcases,Consumer,282.14,11,0.3,20.4
2024-07-31,North,Furniture,Bookcases,Consumer,148.32,12,0.0,76.87
2023-04-04,East,Furniture,Chairs,Consumer,145.04,3,0.2,42.32
2023-01-07,South,Technology,Laptops,Consumer,145.07,6,0.1,26.54
2023-05-13,South,Technology,Accessories,Consumer,97.35,5,0.0,21.94
2023-10-23,South,Furniture,Bookcases,Home Office,618.75,1,0.1,161.39
2024-02-09,North,Office Supplies,Storage,Corporate,141.96,7,0.4,13.0
2024-04-06,North,Technology,Laptops,Consumer,335.81,10,0.2,41.34
2023-04-19,North,Furniture,Bookcases,Home Office,246.19,2,0.2,21.78
2024-01-22,West,Technology,Phones,Home Office,,3,0.1,66.81
2023-04-17,North,Office Supplies,Binders,Home Office,206.36,6,0.1,62.47
2023-10-01,West,Furniture,Tables,Consumer,43.07,9,0.0,-5.52
2024-11-21,East,Office Supplies,Paper,Corporate,137.83,13,0.2,26.25
2024-09-11,West,Furniture,Chairs,Consumer,26.24,2,0.3,23.21
2023-01-14,East,Furniture,Tables,Consumer,389.42,5,0.0,135.78
2024-07-28,South,Technology,Laptops,Home Office,178.44,2,0.0,45.72
2023-08-06,North,Technology,Phones,Consumer,559.28,3,0.1,127.64
2023-01-08,East,Technology,Accessories,Corporate,500.94,1,0.2,126.28
2023-01-22,West,Technology,Laptops,Home Office,291.81,8,0.0,
2024-08-08,West,Furniture,Tables,Consumer,94.32,1,0.0,28.31
2024-08-16,West,Office Supplies,Storage,Corporate,279.29,5,0.0,81.51
2023-01-06,South,Furniture,Bookcases,Corporate,23.02,8,0.4,-13.9
2024-11-18,North,Technology,Phones,Corporate,129.45,11,0.0,42.26
2023-04-09,West,Furniture,Chairs,Home Office,,11,0.0,56.78
2023-01-03,South,Furniture,Tables,Corporate,180.35,2,0.0,89.93
2023-12-26,West,Furniture,Tables,Consumer,726.5,3,0.0,254.74
2024-07-10,East,Technology,Accessories,Home Office,29.95,4,0.2,9.13
2024-09-14,North,Office Supplies,Binders,Home Office,155.9,9,0.1,
2023-01-19,West,Office Supplies,Binders,Consumer,101.78,1,0.1,26.42
2023-10-16,East,Technology,Accessories,Home Office,142.74,11,0.0,47.24
2023-03-27,North,Furniture,Tables,Home Office,237.91,10,0.0,112.09
2024-07-07,East,Technology,Laptops,Home Office,167.57,9,0.0,50.44
2023-04-25,South,Furniture,Bookcases,Home Office,113.83,7,0.1,17.77
2023-03-27,North,Technology,Laptops,Home Office,701.59,6,0.0,259.59
2024-05-19,West,Office Supplies,Storage,Consumer,21.75,1,0.2,19.36
2024-07-10,North,Furniture,Chairs,Consumer,53.9,2,0.1,-1.44
2024-08-02,North,Furniture,Bookcases,Corporate,346.09,7,0.0,124.85
2024-02-13,North,Office Supplies,Storage,Home Office,122.87,7,0.2,57.09
2024-01-04,South,Office Supplies,Storage,Corporate,,4,0.0,109.14
2024-01-25,South,Technology,Laptops,Corporate,356.26,13,0.0,147.89
2024-04-15,South,Office Supplies,Paper,Home Office,265.66,12,0.2,48.88
2023-03-16,South,Office Supplies,Binders,Corporate,185.34,5,0.3,0.59
2024-12-27,East,Furniture,Chairs,Corporate,587.23,4,0.0,185.76
2024-06-25,South,Office Supplies,Paper,Consumer,119.31,6,0.1,38.63
2023-12-31,South,Technology,Phones,Home Office,199.56,11,0.0,74.67
2024-07-26,West,Office Supplies,Storage,Home Office,47.91,2,0.0,2.87
2023-02-12,South,Furniture,Chairs,Corporate,120.72,8,0.2,12.67
2023-10-23,East,Furniture,Chairs,Home Office,100.28,10,0.2,-30.73
2023-04-09,North,Office Supplies,Binders,Corporate,266.99,3,0.1,59.56
2023-06-10,West,Furniture,Bookcases,Home Office,1049.33,8,0.0,383.09
2023-07-29,West,Technology,Phones,Corporate,194.73,4,0.2,42.29
2024-05-25,West,Furniture,Bookcases,Corporate,121.03,4,0.2,8.88
2023-10-30,West,Technology,Phones,Corporate,61.56,12,0.0,31.72
2023-06-03,West,Office Supplies,Binders,Home Office,78.83,5,0.1,
2024-07-29,West,Technology,Accessories,Corporate,324.38,2,0.3,35.43
2024-05-23,East,Office Supplies,Storage,Home Office,148.84,14,0.1,12.2
2023-04-21,East,Furniture,Tables,Corporate,456.37,5,0.0,138.96
2024-06-09,North,Office Supplies,Binders,Consumer,387.14,12,0.1,93.39
2024-06-15,North,Furniture,Bookcases,Consumer,534.7,13,0.0,185.47
2024-04-03,South,Technology,Laptops,Consumer,132.17,12,0.1,48.48
2023-09-04,East,Technology,Laptops,Home Office,113.71,5,0.2,7.27
2023-03-16,West,Technology,Laptops,Consumer,185.91,11,0.2,25.03
2023-09-11,South,Furniture,Tables,Corporate,361.83,7,0.2,43.39
2024-05-26,North,Technology,Phones,Corporate,196.27,9,0.0,58.66
2023-12-25,South,Technology,Accessories,Home Office,247.63,12,0.2,57.38
2024-12-26,East,Technology,Accessories,Home Office,348.49,8,0.1,106.75
2023-12-01,East,Technology,Laptops,Corporate,358.28,6,0.1,61.99
2024-05-10,West,Office Supplies,Storage,Consumer,51.71,14,0.1,15.64
2023-09-25,West,Technology,Laptops,Consumer,155.31,1,0.3,-8.63
2023-01-25,East,Office Supplies,Paper,Corporate,202.84,13,0.1,33.75
2023-10-15,East,Furniture,Bookcases,Home Office,177.43,12,0.4,5.67
2023-08-19,East,Technology,Laptops,Consumer,63.84,5,0.1,-2.27
2023-12-29,North,Technology,Accessories,Consumer,64.67,9,0.0,17.47
2024-06-01,West,Office Supplies,Storage,Consumer,146.05,12,0.2,5.08
2023-12-15,West,Furniture,Tables,Corporate,251.09,10,0.0,85.84
2023-10-13,West,Furniture,Bookcases,Home Office,58.53,13,0.2,11.91
2023-09-16,West,Furniture,Bookcases,Consumer,77.63,4,0.0,34.88
2024-03-24,West,Office Supplies,Binders,Home Office,132.55,2,0.0,67.52
2024-09-29,East,Office Supplies,Storage,Consumer,85.69,10,0.0,54.92
2023-12-14,South,Furniture,Bookcases,Home Office,326.36,7,0.2,72.54
2023-09-21,West,Technology,Laptops,Corporate,66.33,4,0.0,15.41
2024-11-03,South,Furniture,Bookcases,Consumer,1062.96,3,0.2,155.33
2023-09-03,North,Technology,Accessories,Consumer,55.73,14,0.1,56.71
2023-08-21,North,Office Supplies,Binders,Home Office,732.08,13,0.1,181.17
2024-06-03,West,Office Supplies,Binders,Corporate,22.16,7,0.1,22.39
2024-11-16,East,Office Supplies,Paper,Corporate,171.92,11,0.0,55.44
2023-03-25,East,Technology,Accessories,Corporate,21.78,9,0.0,-13.14
2024-09-14,South,Furniture,Tables,Consumer,245.09,4,0.0,85.23
2023-06-22,West,Technology,Phones,Home Office,195.75,2,0.4,-19.54
2024-07-07,South,Technology,Phones,Corporate,345.15,8,0.3,34.0
2023-05-03,North,Furniture,Bookcases,Corporate,269.55,9,0.3,6.03
2023-10-20,South,Office Supplies,Storage,Home Office,123.4,5,0.0,51.11
2024-04-21,South,Technology,Phones,Consumer,248.64,7,0.0,67.1
2023-12-27,East,Technology,Accessories,Home Office,177.65,1,0.2,23.22
2023-09-21,North,Office Supplies,Binders,Home Office,110.32,10,0.2,7.7
2024-04-21,East,Furniture,Chairs,Consumer,370.07,6,0.0,
2024-07-19,West,Technology,Phones,Consumer,315.57,11,0.1,64.76
2024-01-06,South,Technology,Accessories,Home Office,422.53,6,0.2,79.42
2024-10-09,North,Technology,Accessories,Home Office,336.18,1,0.3,13.95
2024-04-17,South,Furniture,Tables,Home Office,426.15,4,0.0,159.37
2023-10-08,East,Office Supplies,Paper,Home Office,353.4,13,0.0,110.77
2024-10-01,East,Office Supplies,Binders,Corporate,533.76,13,0.0,204.47
2024-05-11,South,Furniture,Bookcases,Corporate,36.12,11,0.3,-8.1
2023-11-26,West,Technology,Accessories,Consumer,141.34,6,0.1,
2024-12-31,West,Technology,Phones,Home Office,620.78,2,0.1,
2024-12-07,South,Technology,Laptops,Home Office,121.35,10,0.3,-0.4
2023-01-28,South,Furniture,Bookcases,Corporate,326.56,6,0.3,-7.96
2024-03-28,East,Furniture,Chairs,Consumer,71.23,2,0.2,28.0
2023-07-20,East,Office Supplies,Storage,Corporate,,6,0.1,-33.69
2023-01-05,South,Office Supplies,Storage,Corporate,41.27,10,0.3,-25.65
2024-05-07,West,Furniture,Chairs,Consumer,216.5,8,0.4,-10.25
2023-07-20,East,Furniture,Tables,Corporate,291.41,2,0.1,60.6
2024-08-15,West,Office Supplies,Binders,Home Office,227.87,3,0.0,68.77
2023-02-09,North,Furniture,Tables,Corporate,748.38,7,0.1,178.04
2023-09-01,North,Technology,Accessories,Consumer,200.62,8,0.0,67.08
2024-07-18,North,Furniture,Tables,Home Office,537.11,11,0.4,-27.86
2023-12-02,South,Office Supplies,Paper,Home Office,,1,0.0,23.11
2023-05-22,North,Furniture,Tables,Consumer,450.45,1,0.2,89.08
2023-01-10,East,Office Supplies,Paper,Corporate,149.18,9,0.0,76.82
2024-12-18,North,Technology,Laptops,Corporate,420.56,1,0.2,51.89
2024-05-20,North,Furniture,Tables,Home Office,394.92,13,0.2,74.22
2023-03-10,South,Office Supplies,Binders,Consumer,125.43,5,0.1,24.54
2023-07-09,South,Furniture,Bookcases,Home Office,214.29,12,0.0,87.69
2024-02-02,North,Office Supplies,Storage,Home Office,114.72,3,0.0,50.09
2023-08-17,South,Office Supplies,Binders,Consumer,541.68,7,0.1,117.68
2023-01-21,West,Technology,Phones,Home Office,412.78,5,0.0,139.52
2023-10-12,West,Technology,Phones,Consumer,197.81,10,0.2,34.54
2024-07-31,North,Office Supplies,Storage,Consumer,21.52,10,0.3,-2.34
2024-07-23,South,Office Supplies,Storage,Corporate,366.43,11,0.2,80.36
2024-02-24,West,Office Supplies,Binders,Corporate,266.43,5,0.2,57.59
2023-08-17,North,Office Supplies,Storage,Consumer,624.29,5,0.1,148.77
2023-12-06,East,Office Supplies,Binders,Corporate,220.94,10,0.1,42.43
2023-10-04,South,Furniture,Bookcases,Consumer,181.32,3,0.3,10.0
2024-07-22,North,Technology,Phones,Home Office,39.05,12,0.0,15.95
2024-07-01,South,Furniture,Chairs,Home Office,124.66,12,0.0,49.95
2024-04-22,North,Office Supplies,Binders,Consumer,338.24,4,0.0,105.56
2024-09-20,West,Technology,Accessories,Home Office,32.64,9,0.1,12.17
2023-08-05,West,Technology,Phones,Corporate,661.92,1,0.0,216.78
2024-05-09,North,Technology,Accessories,Home Office,189.5,2,0.0,67.91
2024-05-28,West,Technology,Phones,Consumer,195.55,2,0.2,21.1
2024-01-06,West,Furniture,Tables,Consumer,55.53,7,0.0,-0.63
2024-09-07,West,Furniture,Bookcases,Corporate,321.91,7,0.1,99.54
2024-01-13,East,Office Supplies,Paper,Consumer,156.5,9,0.0,66.9
2024-09-07,South,Office Supplies,Binders,Corporate,230.59,14,0.0,84.68
2023-05-06,South,Technology,Accessories,Consumer,124.69,14,0.0,29.04
2024-04-04,East,Furniture,Chairs,Home Office,38.88,14,0.0,5.85
2023-04-25,North,Furniture,Tables,Consumer,869.97,9,0.2,119.73
2023-04-17,North,Furniture,Tables,Consumer,117.57,12,0.0,46.89
2024-05-13,North,Furniture,Tables,Corporate,56.92,10,0.2,8.26
2023-10-15,South,Furniture,Bookcases,Consumer,212.82,1,0.0,71.53
2024-04-18,North,Furniture,Chairs,Consumer,861.33,12,0.0,304.06
2024-07-23,West,Technology,Accessories,Consumer,1090.35,12,0.2,128.87
2024-12-29,East,Technology,Laptops,Consumer,335.99,4,0.1,87.17
2023-07-09,North,Furniture,Chairs,Consumer,40.65,4,0.1,-8.1
2024-09-07,North,Office Supplies,Paper,Home Office,78.65,4,0.2,27.25
2024-10-13,North,Office Supplies,Binders,Corporate,31.27,9,0.0,-6.13
2024-11-25,North,Furniture,Tables,Consumer,47.85,6,0.1,2.51
2024-01-27,East,Technology,Accessories,Consumer,474.23,8,0.0,131.15
2023-09-28,North,Furniture,Bookcases,Home Office,167.6,11,0.2,36.98
2023-10-22,East,Technology,Accessories,Consumer,622.53,1,0.1,155.05
2023-01-09,South,Furniture,Tables,Consumer,246.62,3,0.2,52.83
2024-07-10,West,Furniture,Chairs,Corporate,45.68,14,0.2,32.05
2024-07-17,South,Technology,Laptops,Consumer,216.46,4,0.1,51.82
2024-02-06,North,Office Supplies,Storage,Home Office,193.27,12,0.0,47.58
2024-03-03,West,Furniture,Tables,Home Office,111.23,7,0.0,30.7
2023-09-08,East,Technology,Laptops,Corporate,957.58,11,0.2,162.16
2024-06-29,South,Furniture,Bookcases,Consumer,84.36,4,0.0,24.69
2024-04-08,North,Furniture,Chairs,Home Office,380.66,3,0.2,68.92
2023-01-23,North,Office Supplies,Storage,Consumer,65.99,11,0.1,13.96
2023-07-07,North,Technology,Laptops,Corporate,318.25,10,0.2,46.24
2023-05-19,South,Technology,Laptops,Consumer,435.08,4,0.2,76.1
2024-03-16,East,Furniture,Tables,Consumer,786.55,7,0.4,-36.14
2024-09-29,West,Office Supplies,Binders,Home Office,185.04,5,0.2,34.61
2024-06-15,East,Technology,Accessories,Home Office,517.73,2,0.0,189.98
2023-03-21,North,Office Supplies,Storage,Corporate,106.1,8,0.0,60.75
2024-07-09,South,Furniture,Chairs,Corporate,193.58,8,0.1,56.36
2024-10-04,West,Office Supplies,Storage,Home Office,891.05,6,0.0,310.51
2024-05-27,South,Office Supplies,Binders,Corporate,549.55,1,0.2,79.55
2024-12-19,East,Office Supplies,Binders,Home Office,219.99,11,0.0,107.14
2023-03-10,South,Office Supplies,Storage,Home Office,176.39,8,0.2,24.68
2023-01-11,East,Technology,Accessories,Consumer,635.81,14,0.2,100.24
2023-12-06,West,Furniture,Chairs,Home Office,1374.78,12,0.1,330.16
2023-12-01,East,Office Supplies,Binders,Corporate,59.48,12,0.2,21.61
2024-02-15,East,Technology,Phones,Corporate,715.89,1,0.0,247.91
2024-09-13,East,Office Supplies,Storage,Corporate,318.64,9,0.0,118.52
2023-10-23,South,Technology,Phones,Consumer,48.58,9,0.0,-9.94
2023-05-02,South,Technology,Laptops,Consumer,411.73,12,0.2,
2023-04-28,North,Office Supplies,Binders,Home Office,312.83,3,0.1,78.92
2023-08-27,North,Office Supplies,Binders,Consumer,350.28,4,0.3,3.06
2024-12-24,South,Furniture,Chairs,Consumer,313.8,11,0.1,62.72
2023-09-24,South,Technology,Laptops,Home Office,236.75,3,0.0,109.29
2024-11-23,South,Furniture,Tables,Corporate,957.23,2,0.0,317.33
2024-10-10,West,Office Supplies,Binders,Home Office,190.49,5,0.4,-8.74
2023-07-11,East,Furniture,Chairs,Consumer,472.65,6,0.2,103.18
2024-02-08,North,Technology,Phones,Corporate,186.04,9,0.3,
2023-05-28,East,Office Supplies,Binders,Corporate,159.81,5,0.0,55.0
2023-11-25,East,Office Supplies,Binders,Home Office,275.72,11,0.1,39.27
2023-03-16,West,Furniture,Bookcases,Corporate,234.83,13,0.1,73.78
2024-07-25,South,Office Supplies,Storage,Home Office,159.0,7,0.0,63.05
2023-03-28,East,Office Supplies,Storage,Home Office,589.55,10,0.2,118.54
2023-06-06,North,Furniture,Chairs,Home Office,328.25,12,0.4,-11.01
2024-12-14,South,Technology,Laptops,Corporate,524.46,2,0.2,80.13
2023-05-01,West,Technology,Phones,Corporate,159.26,13,0.0,59.54
2024-01-13,East,Technology,Phones,Corporate,86.32,9,0.0,35.45
2023-06-11,North,Technology,Accessories,Corporate,536.95,10,0.2,89.29
2024-10-07,East,Technology,Phones,Corporate,268.35,13,0.0,75.97
2024-07-20,North,Technology,Phones,Corporate,428.84,8,0.0,155.58
2024-08-11,North,Office Supplies,Paper,Consumer,864.15,5,0.2,149.68
2023-09-28,North,Office Supplies,Binders,Corporate,352.99,7,0.1,76.76
2023-03-27,East,Office Supplies,Storage,Consumer,155.72,4,0.0,66.44
2023-06-10,West,Office Supplies,Binders,Corporate,248.67,8,0.0,75.22
2023-03-03,West,Office Supplies,Storage,Corporate,70.91,2,0.0,21.23
2024-05-30,West,Office Supplies,Paper,Home Office,427.62,12,0.3,11.65
2024-10-03,South,Furniture,Bookcases,Consumer,321.72,6,0.4,-32.06
2024-01-19,North,Technology,Accessories,Corporate,22.69,11,0.0,-9.73
2024-12-20,North,Office Supplies,Binders,Consumer,240.21,3,0.2,27.87
2023-03-19,North,Furniture,Tables,Corporate,124.5,7,0.2,26.27
2024-06-20,East,Furniture,Bookcases,Corporate,110.93,14,0.0,32.82
2024-10-21,East,Technology,Laptops,Home Office,448.0,9,0.0,149.83
2023-09-10,East,Office Supplies,Storage,Corporate,417.95,7,0.0,148.36
2023-12-15,East,Technology,Laptops,Consumer,336.52,8,0.1,69.45
2024-06-20,West,Furniture,Tables,Corporate,42.87,8,0.1,0.14
2023-02-11,East,Furniture,Bookcases,Consumer,269.73,9,0.0,80.1
2023-02-22,North,Furniture,Bookcases,Corporate,80.94,2,0.0,31.19
2023-01-22,West,Technology,Phones,Corporate,401.3,8,0.1,80.22
2023-09-30,North,Furniture,Bookcases,Home Office,462.9,13,0.0,162.47
2024-10-27,North,Furniture,Bookcases,Home Office,51.78,13,0.2,19.66
2023-01-02,East,Furniture,Bookcases,Corporate,240.36,14,0.3,21.8
2023-07-14,North,Technology,Laptops,Corporate,132.85,6,0.1,39.49
2023-01-12,East,Furniture,Bookcases,Corporate,53.85,11,0.1,24.2
2023-11-07,West,Office Supplies,Paper,Consumer,34.17,1,0.2,8.91
2023-01-15,North,Office Supplies,Storage,Consumer,1544.14,1,0.0,544.15
2023-01-28,West,Office Supplies,Storage,Corporate,351.41,12,0.2,60.44
2023-04-12,South,Furniture,Chairs,Corporate,210.39,6,0.0,130.03
2023-05-11,East,Technology,Laptops,Home Office,472.55,6,0.1,120.14
2024-07-27,East,Furniture,Bookcases,Consumer,185.17,5,0.3,24.43
2023-03-25,East,Furniture,Tables,Consumer,273.55,1,0.0,71.83
2023-03-19,West,Furniture,Tables,Corporate,251.11,3,0.1,41.67
2024-11-19,West,Furniture,Tables,Consumer,252.79,7,0.2,47.14
2023-03-07,South,Technology,Accessories,Corporate,441.34,11,0.2,30.37
2024-12-04,East,Technology,Laptops,Home Office,967.87,10,0.0,363.43
2023-04-26,West,Furniture,Bookcases,Corporate,68.03,1,0.2,-14.46
2023-04-01,South,Furniture,Tables,Corporate,166.83,8,0.0,54.38
2023-11-23,West,Office Supplies,Binders,Home Office,182.04,9,0.0,72.93
2024-01-04,North,Office Supplies,Binders,Home Office,447.13,10,0.1,101.17
2024-10-25,East,Technology,Laptops,Corporate,245.02,3,0.2,36.25
2023-01-29,South,Office Supplies,Paper,Consumer,124.72,7,0.4,-0.59
2023-06-29,East,Furniture,Tables,Corporate,574.42,6,0.2,85.87
2023-07-26,East,Office Supplies,Storage,Consumer,288.31,8,0.0,90.84
2024-01-26,South,Technology,Phones,Home Office,64.02,11,0.0,50.36
2023-03-31,North,Technology,Accessories,Consumer,702.56,11,0.3,55.32
2023-03-10,West,Technology,Phones,Consumer,254.26,5,0.3,
2024-10-28,East,Technology,Accessories,Corporate,212.66,14,0.1,54.97
2024-07-13,East,Furniture,Chairs,Corporate,93.99,5,0.1,12.56
2023-12-01,North,Furniture,Chairs,Home Office,194.22,3,0.0,67.96
2023-01-27,North,Furniture,Bookcases,Home Office,976.7,3,0.0,355.88
2024-04-14,East,Technology,Accessories,Consumer,102.33,7,0.3,-34.86
2023-11-26,North,Technology,Laptops,Consumer,352.22,13,0.0,119.63
2024-05-15,North,Technology,Phones,Consumer,325.23,9,0.0,115.75
2024-12-25,West,Office Supplies,Storage,Consumer,182.76,3,0.1,39.68
2023-08-14,West,Office Supplies,Binders,Consumer,526.2,11,0.1,105.21
2023-08-19,East,Technology,Phones,Corporate,281.2,7,0.0,105.78
2024-06-18,South,Furniture,Tables,Home Office,574.04,12,0.3,26.11
2023-07-13,North,Furniture,Bookcases,Home Office,41.55,1,0.1,29.68
2023-11-10,West,Technology,Accessories,Corporate,135.0,13,0.1,8.08
2023-01-18,South,Technology,Phones,Consumer,231.16,8,0.2,31.48
2024-02-02,West,Technology,Accessories,Home Office,74.45,6,0.3,8.93
2023-08-31,South,Furniture,Bookcases,Consumer,,13,0.2,75.45
2023-04-23,South,Furniture,Bookcases,Home Office,340.09,2,0.4,-27.6
2024-02-22,West,Technology,Laptops,Corporate,171.72,8,0.2,31.86
2024-01-09,East,Office Supplies,Storage,Consumer,101.11,14,0.1,23.86
2023-07-09,North,Furniture,Bookcases,Corporate,573.32,4,0.0,212.82
2023-05-04,West,Office Supplies,Storage,Home Office,307.55,10,0.2,76.26
2024-05-04,South,Technology,Phones,Consumer,69.16,2,0.0,9.84
2023-06-29,North,Furniture,Tables,Consumer,402.41,1,0.2,59.34
2023-06-10,North,Technology,Laptops,Consumer,164.57,14,0.2,44.07
2024-03-10,South,Furniture,Tables,Home Office,217.79,5,0.0,74.36
2023-04-16,North,Furniture,Tables,Home Office,136.34,5,0.0,47.78
2024-06-21,West,Furniture,Bookcases,Home Office,104.98,10,0.0,27.89
2023-03-24,North,Furniture,Bookcases,Home Office,246.87,13,0.0,78.64
2023-07-15,South,Furniture,Chairs,Corporate,67.13,10,0.1,29.37
2023-02-02,North,Furniture,Chairs,Corporate,181.13,3,0.0,91.19
2023-10-18,South,Furniture,Tables,Home Office,694.15,14,0.0,220.61
2024-10-25,North,Furniture,Chairs,Consumer,251.78,8,0.2,51.84
2023-08-16,North,Office Supplies,Storage,Consumer,210.07,4,0.0,85.21
2024-11-02,West,Furniture,Bookcases,Corporate,37.66,5,0.4,-18.34
2023-05-25,South,Office Supplies,Binders,Consumer,294.85,4,0.1,105.45
2023-10-11,East,Office Supplies,Paper,Corporate,111.71,11,0.0,28.92
2024-10-17,South,Office Supplies,Paper,Corporate,72.72,9,0.3,18.69
2023-11-02,East,Technology,Laptops,Corporate,416.32,14,0.0,126.15
2024-11-12,West,Technology,Accessories,Home Office,123.15,11,0.0,47.48
2024-09-04,East,Office Supplies,Paper,Corporate,184.45,14,0.0,57.08
2024-10-27,South,Technology,Phones,Consumer,116.69,1,0.1,13.17
2024-06-27,South,Furniture,Chairs,Corporate,90.53,6,0.1,53.14
2023-09-25,North,Technology,Accessories,Consumer,237.26,6,0.1,60.28
2023-06-14,West,Furniture,Bookcases,Consumer,53.7,10,0.2,21.56
2024-05-20,West,Office Supplies,Storage,Home Office,301.16,13,0.1,
2023-05-21,West,Office Supplies,Storage,Consumer,143.25,2,0.0,50.17
2024-01-14,North,Furniture,Bookcases,Corporate,322.45,1,0.0,111.69
2023-07-13,South,Furniture,Chairs,Home Office,336.07,1,0.0,147.66
2024-06-10,West,Technology,Laptops,Home Office,241.94,10,0.3,17.27
2023-03-31,East,Technology,Phones,Home Office,156.92,14,0.0,45.72
2024-09-04,East,Furniture,Bookcases,Corporate,379.09,9,0.0,155.27
2024-01-12,East,Office Supplies,Paper,Corporate,286.42,14,0.0,76.08
2023-11-14,East,Office Supplies,Binders,Home Office,47.31,1,0.2,8.29
2024-09-23,East,Office Supplies,Paper,Consumer,138.44,10,0.2,32.4
2023-03-10,West,Technology,Accessories,Corporate,119.89,6,0.1,56.77
2023-04-21,South,Office Supplies,Paper,Consumer,167.13,4,0.0,65.84
2023-08-04,West,Office Supplies,Binders,Consumer,469.63,7,0.0,157.35
2024-12-27,East,Furniture,Tables,Home Office,301.9,3,0.1,84.08
2023-05-23,North,Furniture,Tables,Home Office,402.15,9,0.3,36.04
2023-04-05,West,Office Supplies,Storage,Corporate,81.72,10,0.1,16.67
2023-09-28,West,Technology,Accessories,Home Office,166.31,5,0.0,18.99
2024-05-15,East,Office Supplies,Paper,Home Office,168.59,8,0.2,29.0
2023-05-29,South,Office Supplies,Binders,Home Office,37.62,10,0.3,-4.89
2023-08-06,East,Technology,Phones,Home Office,358.39,6,0.1,113.66
2023-03-26,South,Technology,Accessories,Consumer,140.37,14,0.2,36.48
2024-08-21,West,Furniture,Chairs,Home Office,480.69,10,0.0,168.77
2024-01-26,North,Furniture,Tables,Consumer,25.31,13,0.3,3.45
2023-07-06,South,Technology,Laptops,Consumer,35.36,4,0.4,14.2
2024-09-21,East,Furniture,Tables,Corporate,189.28,4,0.1,47.47
2023-08-08,South,Technology,Accessories,Consumer,1143.87,2,0.0,413.92
2024-11-06,South,Furniture,Bookcases,Corporate,386.81,7,0.3,30.49
2023-03-22,North,Technology,Laptops,Corporate,1031.69,4,0.2,170.7
2023-06-19,East,Furniture,Chairs,Corporate,159.17,11,0.0,58.07
2024-03-13,West,Furniture,Tables,Consumer,26.42,4,0.0,13.49
2024-03-30,West,Technology,Laptops,Consumer,267.24,7,0.3,10.98
2023-02-27,East,Office Supplies,Paper,Consumer,563.27,1,0.0,215.55
2024-04-22,West,Furniture,Tables,Corporate,462.35,7,0.1,117.12
2023-08-13,East,Technology,Accessories,Consumer,469.19,4,0.0,152.83
2023-08-05,South,Office Supplies,Binders,Consumer,318.53,8,0.1,93.22
2023-02-13,North,Technology,Accessories,Consumer,327.43,3,0.1,85.79
2024-11-05,South,Furniture,Bookcases,Consumer,37.41,2,0.0,-3.74
2024-06-30,South,Office Supplies,Storage,Home Office,200.77,12,0.0,67.13
2024-07-15,South,Office Supplies,Paper,Corporate,62.76,3,0.1,0.4
2023-03-10,South,Furniture,Chairs,Home Office,314.13,11,0.0,81.09
2023-02-08,West,Furniture,Tables,Corporate,131.6,11,0.1,36.18
2024-12-27,West,Technology,Laptops,Home Office,167.07,6,0.0,51.92
2023-04-09,South,Furniture,Chairs,Home Office,481.55,12,0.0,177.12
2023-04-07,East,Office Supplies,Binders,Home Office,132.9,5,0.3,6.66
2024-07-25,West,Office Supplies,Binders,Home Office,138.3,4,0.0,53.58
2024-06-04,South,Furniture,Bookcases,Home Office,94.7,8,0.1,2.5
2023-04-29,South,Technology,Laptops,Consumer,798.91,8,0.2,144.34
2024-05-27,North,Furniture,Tables,Consumer,111.0,12,0.0,26.7
2024-02-26,East,Technology,Phones,Consumer,671.12,13,0.2,108.7
2024-02-23,West,Technology,Phones,Consumer,236.14,2,0.2,42.75
2023-05-08,North,Office Supplies,Paper,Consumer,89.14,14,0.0,50.35
2024-02-01,North,Office Supplies,Binders,Consumer,1031.14,1,0.3,33.08
2023-01-29,East,Office Supplies,Storage,Home Office,112.57,13,0.2,14.06
2024-08-02,North,Furniture,Bookcases,Consumer,685.41,11,0.0,266.13
2024-03-20,South,Office Supplies,Storage,Home Office,91.52,11,0.2,-15.02
2023-02-05,North,Technology,Laptops,Home Office,351.64,8,0.1,70.56
2024-02-18,West,Furniture,Tables,Consumer,124.92,2,0.0,10.07
2024-05-06,East,Office Supplies,Storage,Home Office,116.42,10,0.1,26.41
2024-12-28,West,Technology,Phones,Consumer,372.91,6,0.1,74.53
2024-03-27,South,Technology,Laptops,Consumer,200.99,12,0.2,9.44
2023-09-25,North,Office Supplies,Paper,Corporate,34.34,9,0.2,17.45
2024-11-29,South,Technology,Phones,Home Office,442.86,6,0.3,26.25
2023-07-21,West,Furniture,Bookcases,Home Office,223.94,1,0.0,85.81
2024-12-10,South,Furniture,Tables,Corporate,174.21,12,0.0,67.31
2024-01-23,South,Technology,Accessories,Consumer,114.55,14,0.0,35.66
2023-01-17,East,Office Supplies,Paper,Home Office,48.07,9,0.1,0.39
2023-12-15,South,Technology,Laptops,Consumer,282.59,1,0.0,104.57
2023-12-12,North,Furniture,Bookcases,Home Office,129.55,8,0.2,39.19
2023-02-10,North,Technology,Laptops,Corporate,105.26,9,0.4,-23.27
2023-04-10,West,Office Supplies,Paper,Home Office,,8,0.0,18.8
2024-03-11,West,Office Supplies,Binders,Home Office,34.04,3,0.2,-9.13
2024-08-21,East,Office Supplies,Storage,Home Office,46.66,10,0.1,20.59
2024-07-15,North,Technology,Laptops,Consumer,55.74,7,0.2,9.47
2024-03-28,East,Technology,Phones,Home Office,251.78,8,0.0,77.75
2024-04-05,East,Furniture,Tables,Consumer,140.16,7,0.1,23.48
2023-08-02,East,Furniture,Bookcases,Home Office,54.64,9,0.1,31.3
2023-03-22,South,Technology,Phones,Consumer,123.43,9,0.0,41.6
2023-12-27,South,Office Supplies,Paper,Home Office,186.62,2,0.3,0.19
2024-02-18,West,Technology,Phones,Consumer,679.71,4,0.1,194.36
2024-01-29,West,Furniture,Bookcases,Corporate,207.48,12,0.2,26.89
2024-07-14,South,Furniture,Bookcases,Home Office,398.33,2,0.4,-21.22
2023-02-22,East,Technology,Laptops,Consumer,241.68,11,0.1,62.54
2023-11-08,South,Furniture,Tables,Home Office,247.4,1,0.1,58.11
2023-06-16,North,Technology,Laptops,Corporate,124.35,1,0.0,36.91
2024-09-26,West,Furniture,Tables,Consumer,68.36,13,0.1,6.53
2024-07-06,North,Technology,Accessories,Corporate,332.64,8,0.3,6.06
2023-07-25,South,Furniture,Chairs,Corporate,306.58,12,0.0,87.79
2023-01-31,North,Technology,Accessories,Home Office,172.0,9,0.3,10.73
2024-07-24,West,Furniture,Chairs,Consumer,54.91,10,0.2,-4.96
2023-06-11,East,Office Supplies,Paper,Consumer,71.65,2,0.3,11.58
2023-12-02,North,Furniture,Chairs,Home Office,138.17,14,0.1,43.56
2024-06-08,North,Office Supplies,Paper,Corporate,268.99,11,0.3,31.66
2023-02-16,East,Furniture,Bookcases,Home Office,54.77,6,0.1,15.5
2024-02-24,North,Office Supplies,Paper,Home Office,33.78,11,0.4,14.29
2023-03-22,South,Technology,Laptops,Home Office,114.67,11,0.2,32.91
2023-06-15,South,Furniture,Bookcases,Corporate,175.88,8,0.0,59.12
2024-04-17,East,Office Supplies,Storage,Corporate,152.24,5,0.2,5.0
2024-09-25,East,Technology,Accessories,Corporate,281.56,7,0.1,100.96
2023-06-03,South,Furniture,Chairs,Corporate,557.86,5,0.0,196.0
2023-03-06,East,Technology,Laptops,Home Office,128.59,5,0.0,49.75
2023-03-27,East,Furniture,Chairs,Consumer,460.34,13,0.2,79.97
2023-05-12,West,Furniture,Tables,Corporate,86.23,11,0.2,8.89
2024-04-29,North,Office Supplies,Paper,Home Office,274.69,4,0.2,29.76
2024-08-27,West,Technology,Laptops,Corporate,414.92,8,0.2,73.73
2023-08-10,North,Technology,Accessories,Corporate,94.87,14,0.0,11.18
2024-11-23,South,Office Supplies,Storage,Corporate,663.37,13,0.2,104.35
2023-05-28,West,Office Supplies,Binders,Consumer,70.98,3,0.0,41.93
2023-03-14,East,Furniture,Tables,Consumer,79.59,5,0.3,21.2
2023-08-30,North,Technology,Phones,Consumer,74.53,11,0.2,8.49
2024-10-04,North,Office Supplies,Storage,Home Office,499.82,9,0.0,191.24
2023-11-16,West,Furniture,Bookcases,Corporate,169.04,1,0.2,30.97
2023-12-04,South,Office Supplies,Storage,Consumer,337.08,2,0.0,118.16
2023-05-25,South,Technology,Phones,Consumer,216.62,7,0.0,
2024-08-30,South,Technology,Accessories,Corporate,588.25,14,0.0,218.32
2023-02-06,West,Technology,Laptops,Corporate,214.82,13,0.0,108.01
2023-04-27,South,Furniture,Chairs,Home Office,187.31,3,0.2,30.15
2023-07-11,South,Furniture,Chairs,Consumer,98.55,11,0.2,11.86
2024-12-15,South,Furniture,Chairs,Home Office,48.06,2,0.0,15.86
2023-12-31,West,Technology,Laptops,Corporate,589.22,9,0.1,157.04
2024-08-13,South,Furniture,Tables,Consumer,25.04,3,0.0,23.04
2023-05-23,North,Office Supplies,Paper,Home Office,40.47,14,0.1,-15.67
2024-11-22,South,Furniture,Chairs,Home Office,,10,0.0,31.3
2023-07-22,West,Office Supplies,Binders,Home Office,138.25,9,0.0,38.0
2023-03-23,East,Office Supplies,Paper,Corporate,83.52,8,0.2,-30.77
2024-10-16,North,Office Supplies,Binders,Corporate,35.85,5,0.0,38.27
2024-10-21,North,Technology,Accessories,Corporate,371.19,3,0.1,92.27
2023-12-19,North,Office Supplies,Paper,Corporate,416.89,3,0.2,69.17
2024-02-07,North,Furniture,Chairs,Corporate,248.74,13,0.1,83.44
2024-08-31,West,Furniture,Chairs,Consumer,265.64,11,0.4,-7.5
2024-09-04,South,Office Supplies,Paper,Consumer,181.14,8,0.2,32.98
2023-02-24,West,Office Supplies,Paper,Home Office,869.49,3,0.2,147.98
2024-03-22,South,Furniture,Bookcases,Consumer,559.58,4,0.2,86.27
2024-10-25,North,Furniture,Tables,Home Office,402.51,12,0.3,19.17
2024-03-28,West,Furniture,Chairs,Consumer,235.9,5,0.3,-5.15
2023-12-08,North,Office Supplies,Binders,Corporate,484.18,9,0.0,178.04
2024-10-07,South,Technology,Accessories,Home Office,55.9,13,0.0,9.12
2023-07-13,East,Technology,Phones,Home Office,39.46,1,0.0,-11.34
2024-09-20,North,Furniture,Tables,Corporate,27.71,10,0.0,48.35
2024-07-29,North,Office Supplies,Binders,Consumer,174.36,9,0.1,50.0
2024-04-11,South,Technology,Phones,Consumer,628.2,2,0.0,211.03
2024-02-26,West,Office Supplies,Storage,Home Office,302.62,2,0.0,106.17
2023-05-24,South,Technology,Phones,Corporate,91.91,6,0.2,21.54
2023-04-10,East,Office Supplies,Storage,Home Office,54.5,3,0.0,30.56
2024-04-03,East,Office Supplies,Paper,Consumer,65.54,2,0.0,25.96
2024-05-27,West,Furniture,Bookcases,Corporate,271.79,9,0.0,117.83
2023-03-11,West,Furniture,Bookcases,Corporate,33.83,9,0.0,25.93
2023-12-31,North,Technology,Accessories,Home Office,463.91,11,0.2,86.81
2023-08-21,North,Furniture,Tables,Home Office,379.01,9,0.0,105.44
2024-10-01,West,Office Supplies,Storage,Home Office,723.04,4,0.0,242.69
2024-09-15,North,Furniture,Chairs,Corporate,59.8,14,0.2,3.34
2024-05-31,South,Furniture,Tables,Consumer,77.29,5,0.0,27.31
2023-12-16,West,Technology,Phones,Corporate,101.0,10,0.1,22.28
2024-04-18,East,Furniture,Tables,Consumer,227.87,13,0.2,39.74
2023-02-02,West,Office Supplies,Paper,Home Office,383.67,1,0.2,66.44
2023-04-30,East,Technology,Laptops,Consumer,495.71,9,0.0,204.62
2024-06-24,South,Office Supplies,Storage,Consumer,87.1,3,0.0,28.5
2023-03-19,South,Technology,Accessories,Consumer,150.39,10,0.0,73.16
2024-11-03,East,Technology,Laptops,Consumer,126.53,6,0.3,4.64
2023-12-23,South,Furniture,Chairs,Consumer,812.35,5,0.0,284.3
2024-07-09,West,Furniture,Chairs,Consumer,261.35,12,0.2,29.72
2024-08-01,East,Furniture,Chairs,Corporate,228.34,8,0.3,6.74
2023-05-06,North,Technology,Laptops,Consumer,225.1,12,0.1,70.05
2023-10-15,East,Furniture,Chairs,Home Office,227.47,11,0.0,61.81
2024-12-23,South,Technology,Accessories,Home Office,24.28,13,0.3,-6.31
2024-05-04,North,Furniture,Tables,Home Office,274.79,1,0.0,101.48
2023-01-01,West,Technology,Accessories,Home Office,358.69,11,0.1,76.38
2023-12-16,South,Office Supplies,Paper,Corporate,126.55,9,0.0,59.95
2023-01-25,East,Technology,Laptops,Consumer,549.89,11,0.3,33.6
2024-01-09,East,Furniture,Bookcases,Corporate,230.39,8,0.3,21.26
2024-10-31,East,Technology,Accessories,Corporate,156.74,14,0.0,52.24
2024-07-30,South,Technology,Accessories,Corporate,169.02,14,0.2,23.32
2024-06-22,East,Office Supplies,Storage,Consumer,64.34,10,0.2,-19.08
2023-03-02,East,Furniture,Chairs,Corporate,569.56,2,0.3,33.14
2024-05-22,East,Technology,Accessories,Home Office,529.38,8,0.0,187.24
2023-10-27,North,Office Supplies,Storage,Corporate,386.06,5,0.2,57.09
2023-02-09,West,Furniture,Tables,Home Office,302.39,13,0.4,-17.25
2023-04-13,West,Office Supplies,Paper,Consumer,111.93,6,0.2,20.58
2023-05-25,West,Office Supplies,Storage,Consumer,47.96,4,0.0,18.32
2024-11-17,West,Technology,Phones,Corporate,853.52,13,0.2,122.85
2023-06-07,North,Technology,Phones,Consumer,89.93,9,0.0,33.33
2023-06-12,East,Technology,Phones,Consumer,68.72,10,0.0,14.84
2023-12-24,South,Technology,Accessories,Corporate,797.78,10,0.2,117.49
2023-07-24,South,Office Supplies,Paper,Home Office,157.81,14,0.2,20.74
2024-10-30,West,Technology,Accessories,Home Office,631.12,10,0.0,216.15
2023-07-17,North,Technology,Accessories,Corporate,214.74,3,0.1,54.24
2024-11-13,North,Office Supplies,Binders,Consumer,152.22,13,0.1,26.07
2024-09-14,South,Furniture,Bookcases,Corporate,322.3,10,0.0,128.32
2024-01-15,South,Office Supplies,Storage,Home Office,540.84,1,0.1,112.16
2023-08-12,South,Technology,Accessories,Home Office,27.13,10,0.0,11.09
2023-06-08,West,Technology,Accessories,Consumer,36.48,10,0.1,-9.73
2023-06-17,West,Office Supplies,Binders,Home Office,38.86,2,0.0,7.02
2023-09-06,East,Technology,Accessories,Consumer,211.19,6,0.2,25.25
2024-05-18,South,Technology,Laptops,Consumer,159.45,11,0.2,42.84
2024-01-30,South,Furniture,Tables,Consumer,1379.12,1,0.3,56.87
2023-08-17,North,Office Supplies,Binders,Corporate,200.14,14,0.1,71.8
2023-09-18,South,Technology,Laptops,Consumer,383.75,7,0.2,47.14
2024-03-25,East,Office Supplies,Binders,Consumer,636.57,14,0.0,222.12
2024-12-10,West,Office Supplies,Paper,Corporate,71.38,8,0.0,42.96
2024-05-20,East,Office Supplies,Binders,Corporate,104.09,8,0.0,21.45
2024-06-29,West,Technology,Laptops,Home Office,178.26,8,0.2,17.9
2023-01-20,North,Technology,Phones,Home Office,239.77,8,0.2,31.98
2024-10-06,North,Technology,Phones,Consumer,432.91,3,0.4,-48.01
2024-05-11,East,Furniture,Chairs,Home Office,613.9,10,0.3,31.74
2024-10-04,East,Technology,Phones,Corporate,743.78,13,0.1,173.78
2024-09-01,East,Furniture,Tables,Consumer,812.2,9,0.0,287.79
2023-05-10,West,Furniture,Tables,Home Office,67.78,4,0.2,17.68
2023-01-23,South,Office Supplies,Paper,Consumer,149.94,6,0.0,33.69
2024-03-30,East,Furniture,Tables,Home Office,144.86,6,0.0,73.43
2024-10-22,West,Technology,Laptops,Home Office,154.96,9,0.0,63.1
2023-10-12,East,Technology,Laptops,Home Office,64.7,1,0.4,-2.55
2024-10-23,East,Technology,Accessories,Consumer,827.02,13,0.4,-22.98
2023-11-28,East,Technology,Laptops,Corporate,79.47,12,0.0,47.15
2023-02-17,East,Office Supplies,Binders,Corporate,322.76,14,0.2,44.6
2023-02-28,North,Furniture,Chairs,Consumer,128.67,4,0.2,1.33
2023-01-05,East,Technology,Phones,Home Office,237.9,14,0.2,47.35
2023-09-18,West,Technology,Laptops,Home Office,958.94,2,0.0,321.36
2023-09-18,South,Furniture,Tables,Consumer,57.55,3,0.0,5.34
2023-11-16,West,Technology,Phones,Consumer,264.13,10,0.1,56.11
2023-09-10,East,Furniture,Chairs,Home Office,514.07,4,0.0,207.96
2024-12-30,West,Furniture,Bookcases,Home Office,32.39,3,0.0,19.95
2023-01-29,East,Office Supplies,Paper,Corporate,182.46,5,0.1,49.87
2023-06-14,South,Technology,Phones,Corporate,37.5,13,0.0,-20.96
2023-12-12,South,Technology,Phones,Home Office,77.06,3,0.0,12.84
2024-05-05,South,Technology,Phones,Corporate,316.84,7,0.2,55.97
2023-11-12,North,Furniture,Bookcases,Home Office,68.67,10,0.2,
2023-05-07,West,Technology,Phones,Consumer,755.09,3,0.0,247.42
2024-10-20,South,Furniture,Tables,Consumer,135.6,11,0.0,
2023-09-18,West,Furniture,Bookcases,Home Office,770.33,13,0.2,126.47
2023-04-05,North,Furniture,Tables,Home Office,620.74,8,0.1,162.2
2024-11-29,East,Technology,Phones,Corporate,182.24,4,0.2,36.05
2024-05-21,East,Office Supplies,Paper,Consumer,315.16,9,0.2,30.0
2024-05-06,South,Technology,Phones,Consumer,162.85,6,0.1,60.88
2023-06-17,North,Technology,Accessories,Home Office,47.64,8,0.2,30.09
2023-12-12,South,Office Supplies,Binders,Corporate,40.87,14,0.3,3.75
2024-05-02,West,Office Supplies,Paper,Consumer,454.31,10,0.0,132.12
2024-11-20,South,Technology,Accessories,Corporate,124.47,7,0.3,7.47
2024-02-11,South,Technology,Laptops,Home Office,172.61,7,0.4,5.47
2023-04-06,North,Office Supplies,Paper,Consumer,198.91,2,0.1,32.43
2023-11-04,East,Furniture,Chairs,Corporate,221.86,4,0.3,18.53
2024-03-06,North,Technology,Phones,Home Office,545.42,12,0.0,184.98
2024-06-10,West,Technology,Accessories,Corporate,279.83,14,0.2,17.69
2023-09-09,South,Office Supplies,Binders,Corporate,72.64,14,0.3,10.0
2023-06-20,West,Furniture,Chairs,Home Office,440.13,2,0.0,163.13
2023-07-27,East,Furniture,Chairs,Consumer,263.58,10,0.3,14.93
2023-04-14,North,Technology,Accessories,Corporate,222.27,11,0.1,47.14
2023-02-08,East,Furniture,Chairs,Corporate,155.79,4,0.4,-22.75
2024-04-15,South,Furniture,Tables,Consumer,450.44,13,0.4,-13.01
2023-12-31,West,Furniture,Tables,Corporate,1112.89,3,0.0,384.55
2023-06-27,East,Furniture,Chairs,Consumer,43.94,13,0.0,9.85
2023-08-19,West,Technology,Laptops,Consumer,79.48,3,0.3,-15.29
2023-02-25,West,Technology,Accessories,Corporate,206.14,8,0.1,37.16
2023-10-16,North,Technology,Laptops,Home Office,100.59,3,0.0,49.37
2023-07-03,West,Office Supplies,Paper,Home Office,1150.33,13,0.0,
2024-05-07,North,Furniture,Chairs,Consumer,100.12,5,0.0,20.12
2023-01-07,West,Office Supplies,Storage,Home Office,43.14,7,0.2,15.57
2024-09-22,North,Furniture,Tables,Consumer,160.68,3,0.2,41.31
2023-08-24,North,Technology,Accessories,Corporate,154.3,13,0.2,17.54
2024-11-07,South,Furniture,Tables,Corporate,36.56,8,0.4,-2.68
2023-09-01,South,Office Supplies,Binders,Corporate,167.79,11,0.1,55.8
2023-12-05,East,Technology,Accessories,Corporate,680.59,11,0.3,47.01
2023-06-09,North,Technology,Laptops,Home Office,61.05,3,0.0,18.04
2023-11-14,West,Technology,Accessories,Corporate,258.67,2,0.2,34.02
2024-01-17,South,Office Supplies,Binders,Consumer,180.87,14,0.0,72.08
2023-02-08,North,Office Supplies,Paper,Corporate,323.0,10,0.0,89.88
2024-12-29,East,Technology,Laptops,Corporate,780.52,7,0.4,-52.61
2023-08-18,North,Furniture,Bookcases,Corporate,538.48,6,0.2,80.14
2023-03-03,East,Technology,Phones,Consumer,400.2,10,0.0,152.46
2023-06-07,North,Technology,Phones,Consumer,89.93,9,0.0,33.33
2024-04-06,South,Furniture,Tables,Home Office,494.21,12,0.2,65.63
2023-01-12,South,Technology,Accessories,Consumer,51.94,5,0.3,-8.58
2023-08-31,South,Furniture,Bookcases,Consumer,246.8,7,0.0,96.81
2023-09-08,North,Furniture,Chairs,Home Office,328.86,4,0.0,120.67
2024-01-12,East,Technology,Phones,Consumer,208.04,6,0.0,78.22
2023-09-15,West,Technology,Laptops,Consumer,89.8,4,0.0,39.59
2024-02-10,East,Technology,Accessories,Corporate,151.56,14,0.2,34.72
2023-08-03,West,Office Supplies,Storage,Consumer,107.68,11,0.3,-4.89
2023-02-20,North,Furniture,Bookcases,Home Office,486.15,1,0.0,201.46
2024-04-19,South,Technology,Phones,Home Office,51.45,6,0.1,25.09
2023-01-11,East,Office Supplies,Binders,Home Office,72.14,3,0.2,34.53
2023-02-23,East,Technology,Laptops,Consumer,75.36,11,0.4,4.36
2024-07-18,South,Office Supplies,Storage,Consumer,57.23,1,0.1,8.15
2023-03-22,East,Technology,Laptops,Corporate,208.07,14,0.0,81.87
2023-01-03,East,Technology,Accessories,Home Office,34.46,1,0.2,12.25
2024-10-31,East,Technology,Laptops,Home Office,300.44,2,0.1,67.48
2024-07-05,East,Office Supplies,Storage,Consumer,43.78,5,0.0,43.26
2024-02-26,North,Technology,Phones,Corporate,341.87,12,0.1,89.94
2023-05-25,East,Technology,Accessories,Home Office,178.04,1,0.1,27.06
2024-08-14,West,Furniture,Tables,Corporate,469.43,11,0.0,165.2
2024-05-27,South,Technology,Phones,Corporate,46.22,13,0.3,-19.75
2023-12-04,North,Furniture,Bookcases,Consumer,214.88,5,0.2,24.24
2024-02-01,South,Furniture,Bookcases,Corporate,680.44,6,0.2,126.19
2023-09-10,West,Office Supplies,Binders,Corporate,653.6,4,0.0,223.38
2024-08-26,East,Technology,Phones,Home Office,150.07,4,0.1,40.68
2024-01-25,South,Office Supplies,Paper,Home Office,,8,0.2,15.78
2023-08-06,North,Office Supplies,Storage,Home Office,36.01,8,0.1,11.76
2023-06-03,South,Technology,Phones,Corporate,255.2,4,0.1,48.95
2024-12-29,East,Technology,Phones,Corporate,49.86,12,0.0,10.3
2023-02-11,West,Furniture,Bookcases,Home Office,55.19,10,0.1,23.86
2023-06-19,West,Office Supplies,Paper,Home Office,58.94,14,0.1,8.89
2024-10-31,South,Office Supplies,Paper,Consumer,1243.7,2,0.2,212.8
2023-11-16,East,Furniture,Bookcases,Home Office,,11,0.0,72.99
2023-04-24,North,Furniture,Tables,Home Office,198.57,13,0.0,63.77
2023-11-05,North,Office Supplies,Storage,Home Office,58.84,5,0.0,17.92
2024-12-14,South,Technology,Accessories,Consumer,301.43,8,0.2,57.81
2023-09-30,East,Furniture,Chairs,Consumer,132.74,9,0.1,21.44
2023-09-25,East,Furniture,Bookcases,Home Office,126.86,9,0.2,17.13
2023-06-28,North,Technology,Laptops,Home Office,28.76,4,0.3,-4.53
2024-09-08,North,Technology,Accessories,Home Office,65.53,9,0.1,1.48
2024-04-25,West,Office Supplies,Binders,Corporate,65.45,5,0.0,12.06
2023-03-25,South,Technology,Accessories,Consumer,564.2,1,0.2,87.37
2024-12-09,North,Office Supplies,Storage,Corporate,95.56,13,0.0,49.11
2024-01-18,West,Office Supplies,Binders,Consumer,63.49,11,0.1,6.11
2023-08-13,North,Technology,Accessories,Corporate,228.59,5,0.2,40.79
2024-07-04,North,Office Supplies,Paper,Home Office,49.1,13,0.0,9.91
2023-12-15,East,Office Supplies,Storage,Corporate,205.27,12,0.0,64.49
2023-08-16,South,Office Supplies,Paper,Home Office,142.44,6,0.1,60.25
2024-08-27,East,Technology,Phones,Corporate,379.25,14,0.2,75.69
2023-04-06,South,Technology,Laptops,Corporate,142.46,8,0.1,5.05
2023-02-22,North,Office Supplies,Binders,Corporate,42.49,5,0.1,1.19
2024-10-16,West,Furniture,Bookcases,Corporate,64.59,12,0.1,26.68
2024-01-08,South,Office Supplies,Storage,Corporate,53.05,4,0.1,20.16
2023-05-15,South,Office Supplies,Binders,Home Office,69.32,6,0.0,38.36
2023-02-08,North,Technology,Accessories,Home Office,33.13,3,0.1,9.87
2024-01-15,South,Furniture,Bookcases,Consumer,240.22,1,0.0,97.24
2024-04-07,North,Technology,Phones,Home Office,193.6,5,0.1,47.69
2024-11-22,North,Furniture,Tables,Home Office,73.31,13,0.0,32.78
2024-04-04,East,Office Supplies,Paper,Consumer,138.83,1,0.0,42.91
2023-10-22,West,Furniture,Chairs,Consumer,377.2,14,0.2,74.07
2023-01-12,East,Office Supplies,Paper,Consumer,50.25,12,0.1,20.96
2023-11-22,South,Technology,Phones,Corporate,251.81,3,0.0,67.86
2024-09-07,North,Office Supplies,Paper,Corporate,247.71,12,0.1,35.57
2023-08-08,South,Office Supplies,Binders,Consumer,164.89,3,0.1,51.58
2024-11-21,East,Furniture,Tables,Corporate,116.13,9,0.0,59.61
2023-11-01,South,Technology,Phones,Home Office,170.75,6,0.0,51.53
2023-11-15,West,Technology,Laptops,Corporate,,6,0.0,58.72
2023-08-27,South,Furniture,Chairs,Corporate,590.59,1,0.0,204.47
2024-10-17,East,Technology,Accessories,Consumer,103.27,9,0.1,36.58
2023-12-10,West,Office Supplies,Storage,Corporate,266.41,10,0.1,65.0
2023-11-05,North,Office Supplies,Paper,Home Office,77.04,13,0.2,14.24
2023-05-17,West,Technology,Laptops,Home Office,457.84,1,0.2,77.57
2024-02-20,East,Office Supplies,Paper,Home Office,241.68,3,0.3,32.2
2024-03-12,South,Furniture,Bookcases,Consumer,314.23,14,0.0,123.6
2023-04-13,North,Office Supplies,Paper,Home Office,58.66,4,0.2,-3.63
2024-05-03,North,Furniture,Tables,Home Office,59.31,5,0.0,25.15
2024-10-26,West,Technology,Laptops,Corporate,25.71,11,0.2,-9.61
2023-12-01,North,Furniture,Tables,Corporate,49.81,12,0.0,-3.6
2024-12-12,North,Furniture,Bookcases,Home Office,180.76,13,0.0,64.51
2023-09-09,East,Office Supplies,Binders,Corporate,53.54,8,0.1,15.39
2024-10-07,West,Office Supplies,Storage,Consumer,64.38,2,0.0,10.63
2023-08-19,South,Technology,Accessories,Consumer,131.03,14,0.0,63.83
2023-08-15,West,Technology,Phones,Home Office,189.79,1,0.0,50.23
2023-06-05,East,Office Supplies,Storage,Home Office,30.04,10,0.1,7.9
2024-01-01,East,Office Supplies,Binders,Corporate,26.74,7,0.0,-26.13
2023-06-02,North,Office Supplies,Binders,Corporate,241.56,4,0.0,74.04
2024-06-07,North,Furniture,Tables,Home Office,55.76,4,0.4,17.99
2023-01-15,West,Office Supplies,Binders,Corporate,490.23,10,0.0,196.58
2024-03-07,South,Office Supplies,Storage,Corporate,73.45,6,0.0,42.52
2023-10-28,North,Office Supplies,Storage,Consumer,1313.15,6,0.1,324.07
2023-11-01,North,Technology,Accessories,Corporate,168.24,7,0.0,55.02
2023-11-18,North,Office Supplies,Storage,Corporate,221.2,4,0.3,18.92
2024-05-22,North,Furniture,Chairs,Home Office,94.29,14,0.0,25.32
2024-04-17,West,Furniture,Bookcases,Home Office,140.63,11,0.2,10.01
2023-08-05,East,Office Supplies,Binders,Corporate,29.06,6,0.1,-18.78
2024-10-28,North,Office Supplies,Binders,Consumer,414.89,12,0.1,128.98
2023-10-07,West,Technology,Accessories,Consumer,,12,0.0,54.22
2024-02-02,East,Office Supplies,Binders,Consumer,196.27,6,0.2,47.76
2024-10-09,East,Furniture,Tables,Corporate,160.76,11,0.0,55.45
2024-05-11,East,Furniture,Chairs,Corporate,,14,0.0,298.32
2024-11-12,North,Furniture,Chairs,Consumer,169.62,10,0.3,1.5
2024-06-07,South,Technology,Accessories,Consumer,217.25,3,0.2,43.33
2024-05-18,South,Technology,Accessories,Corporate,87.5,10,0.2,-6.32
2023-05-13,West,Technology,Accessories,Home Office,155.74,14,0.0,47.31
2023-01-17,East,Furniture,Tables,Corporate,302.43,10,0.0,116.43
2023-11-06,East,Office Supplies,Storage,Home Office,127.55,9,0.1,24.95
2024-06-04,North,Furniture,Bookcases,Home Office,206.69,10,0.4,3.04
2023-06-07,North,Technology,Phones,Corporate,203.29,6,0.0,70.0
2023-11-22,South,Office Supplies,Storage,Corporate,97.99,1,0.1,36.89
2023-11-24,West,Office Supplies,Paper,Consumer,371.45,7,0.0,121.61
2023-08-15,East,Furniture,Bookcases,Consumer,21.05,1,0.3,-3.05
2023-05-08,South,Technology,Laptops,Home Office,221.56,14,0.0,93.19
2024-09-24,East,Furniture,Chairs,Home Office,58.72,14,0.0,41.49
2023-02-27,North,Technology,Phones,Home Office,111.98,1,0.1,50.15
2024-08-18,South,Office Supplies,Storage,Consumer,103.94,10,0.0,21.82
2024-01-08,West,Office Supplies,Storage,Corporate,291.06,14,0.0,101.32
2023-05-21,North,Furniture,Tables,Consumer,61.14,9,0.0,19.97
2024-09-04,East,Furniture,Chairs,Consumer,525.67,14,0.0,184.65
2024-07-09,West,Technology,Accessories,Corporate,35.09,8,0.1,22.74
2024-05-30,West,Furniture,Tables,Home Office,60.45,2,0.1,3.09
2023-11-08,South,Office Supplies,Binders,Consumer,315.53,12,0.1,70.68
2024-01-02,West,Furniture,Tables,Home Office,438.46,3,0.0,167.87
2024-04-05,South,Office Supplies,Paper,Home Office,65.85,13,0.3,5.59
2023-08-21,South,Technology,Laptops,Home Office,108.48,10,0.0,40.14
2023-08-05,West,Office Supplies,Storage,Consumer,236.47,10,0.1,62.08
2023-07-26,East,Technology,Accessories,Consumer,43.51,4,0.0,18.23
2023-02-16,East,Technology,Laptops,Home Office,80.2,9,0.2,0.73
2023-09-11,East,Technology,Laptops,Consumer,39.97,4,0.1,19.92
2024-02-24,North,Office Supplies,Paper,Corporate,704.86,6,0.0,240.62
2024-04-07,East,Furniture,Bookcases,Home Office,150.36,3,0.0,65.8
2023-10-04,North,Technology,Laptops,Home Office,421.31,14,0.1,120.63
2023-04-16,East,Office Supplies,Storage,Home Office,282.01,7,0.2,68.77
2024-08-10,North,Furniture,Chairs,Corporate,224.8,10,0.1,65.16
2023-09-27,North,Technology,Laptops,Consumer,103.71,13,0.4,10.45
2024-10-07,East,Office Supplies,Binders,Home Office,158.57,12,0.1,60.83
2024-09-15,East,Technology,Phones,Consumer,288.46,4,0.1,107.59
2024-04-10,North,Technology,Laptops,Corporate,148.49,1,0.0,59.3
2024-04-02,East,Office Supplies,Binders,Corporate,60.19,5,0.2,-19.67
2023-07-11,North,Office Supplies,Paper,Home Office,70.17,8,0.0,-3.76
2024-10-01,North,Technology,Phones,Home Office,33.13,3,0.2,-18.19
2023-04-16,West,Technology,Phones,Home Office,120.46,3,0.0,34.1
2023-09-29,North,Furniture,Chairs,Home Office,98.04,3,0.0,40.66
2023-07-23,South,Office Supplies,Paper,Home Office,220.58,3,0.1,67.15
2024-12-27,West,Office Supplies,Storage,Consumer,28.75,11,0.0,2.63
2023-05-10,West,Furniture,Chairs,Home Office,81.3,8,0.0,40.48
2024-01-31,East,Technology,Accessories,Corporate,238.85,10,0.3,4.08
2024-01-28,South,Furniture,Bookcases,Home Office,64.16,6,0.2,-16.39
2024-02-24,South,Technology,Phones,Home Office,41.72,11,0.0,1.92
2024-04-02,South,Technology,Phones,Corporate,121.95,11,0.2,34.63
2023-08-02,West,Furniture,Tables,Corporate,181.14,11,0.2,48.47
2024-02-28,South,Furniture,Tables,Consumer,103.01,5,0.2,45.11
2024-11-19,West,Technology,Accessories,Home Office,839.78,7,0.1,209.76
2024-01-09,East,Furniture,Chairs,Consumer,787.79,13,0.1,193.16
2023-12-03,East,Technology,Laptops,Corporate,77.66,4,0.1,1.24
2024-10-06,West,Technology,Laptops,Home Office,35.99,4,0.1,20.14
2024-10-25,East,Office Supplies,Binders,Home Office,91.43,12,0.2,6.65
2023-08-11,South,Office Supplies,Binders,Consumer,653.11,2,0.2,84.51
2024-02-05,North,Furniture,Bookcases,Corporate,551.94,4,0.0,197.51
2024-09-04,South,Furniture,Bookcases,Consumer,,8,0.0,-2.97
2023-07-11,North,Furniture,Bookcases,Corporate,35.37,2,0.0,-1.7
2023-08-11,East,Technology,Laptops,Corporate,288.9,5,0.4,-34.03
2024-01-28,West,Furniture,Bookcases,Corporate,636.28,11,0.4,-39.2
2024-10-27,North,Office Supplies,Binders,Consumer,105.93,5,0.0,56.31
2024-04-16,West,Furniture,Chairs,Corporate,540.13,6,0.0,200.93
2024-04-13,West,Furniture,Tables,Consumer,389.77,10,0.3,17.87
2024-07-05,East,Furniture,Tables,Corporate,311.0,7,0.0,119.83
2023-02-04,East,Office Supplies,Storage,Consumer,498.55,10,0.0,164.16
2023-08-21,South,Technology,Laptops,Home Office,33.57,2,0.4,0.39
2023-02-08,East,Furniture,Tables,Consumer,292.03,2,0.2,32.08
2024-04-16,East,Technology,Phones,Consumer,257.75,3,0.0,71.31
2023-10-28,East,Furniture,Chairs,Corporate,709.15,10,0.0,258.59
2024-10-04,East,Furniture,Chairs,Corporate,693.05,9,0.3,46.85
2023-08-30,North,Technology,Laptops,Corporate,153.4,3,0.0,72.91
2024-09-14,West,Office Supplies,Storage,Consumer,501.98,6,0.1,125.77
2024-01-24,North,Technology,Accessories,Home Office,142.27,1,0.2,20.17
2023-02-09,West,Technology,Laptops,Consumer,626.99,3,0.2,89.76
2023-09-06,South,Technology,Accessories,Consumer,333.93,12,0.1,76.72
2024-12-14,East,Furniture,Bookcases,Corporate,211.62,13,0.0,91.86
2023-09-04,West,Office Supplies,Binders,Home Office,128.89,2,0.2,6.58
2024-01-17,South,Office Supplies,Storage,Corporate,67.3,1,0.0,16.28
2024-12-31,West,Furniture,Bookcases,Consumer,786.04,9,0.2,142.99
2024-05-08,South,Furniture,Chairs,Corporate,114.82,10,0.0,69.1
2024-11-14,South,Office Supplies,Binders,Home Office,152.88,2,0.0,50.6
2023-05-05,South,Office Supplies,Binders,Consumer,247.17,7,0.2,45.91
2023-08-24,West,Furniture,Bookcases,Consumer,88.87,11,0.3,3.27
2023-12-26,West,Technology,Accessories,Corporate,437.57,9,0.0,143.87
2024-06-30,West,Office Supplies,Storage,Consumer,194.96,13,0.0,68.71
2023-09-07,East,Office Supplies,Binders,Consumer,92.99,3,0.0,17.84
2024-09-14,North,Furniture,Bookcases,Corporate,213.24,12,0.0,63.48
2024-10-25,North,Technology,Laptops,Corporate,186.01,4,0.3,20.51
2024-11-11,West,Furniture,Tables,Home Office,805.02,9,0.0,278.38
2024-07-25,North,Furniture,Tables,Consumer,224.04,13,0.0,80.73
2024-09-01,South,Furniture,Tables,Consumer,28.5,7,0.2,10.23
2023-07-09,South,Furniture,Bookcases,Corporate,461.1,14,0.0,152.36
2023-01-02,North,Technology,Laptops,Consumer,102.24,11,0.0,11.26
2023-09-30,West,Furniture,Bookcases,Consumer,74.69,6,0.1,14.56
2023-01-03,East,Furniture,Chairs,Corporate,40.02,14,0.0,46.92
2023-02-24,West,Office Supplies,Paper,Home Office,436.08,8,0.0,126.97
2023-02-03,East,Furniture,Tables,Home Office,65.46,13,0.4,-12.84
2023-06-09,South,Furniture,Tables,Home Office,364.11,11,0.1,90.15
2023-02-16,East,Office Supplies,Paper,Corporate,108.33,7,0.1,31.55
2023-07-28,East,Furniture,Bookcases,Corporate,166.49,14,0.0,39.25
2023-02-12,North,Technology,Accessories,Corporate,834.6,8,0.0,275.97
2024-06-06,East,Furniture,Chairs,Corporate,22.28,5,0.1,40.62
2023-08-08,East,Office Supplies,Paper,Consumer,148.85,4,0.2,
2024-06-08,North,Furniture,Tables,Consumer,476.36,11,0.2,48.93
2024-12-10,North,Furniture,Tables,Corporate,162.74,4,0.0,40.44
2024-10-05,West,Furniture,Bookcases,Corporate,42.75,12,0.3,17.8
2024-03-10,West,Furniture,Bookcases,Corporate,74.22,3,0.1,28.14
2023-11-24,East,Furniture,Bookcases,Home Office,169.43,1,0.0,74.63
2024-05-24,West,Furniture,Chairs,Consumer,276.68,8,0.0,96.4
2023-12-14,West,Furniture,Bookcases,Consumer,199.25,2,0.2,41.87
2023-07-02,South,Office Supplies,Storage,Corporate,948.31,10,0.2,115.78
2024-12-03,West,Furniture,Chairs,Corporate,535.62,5,0.0,211.93
2024-10-14,South,Technology,Phones,Home Office,155.62,12,0.0,50.24
2023-03-04,North,Technology,Accessories,Corporate,590.54,12,0.0,204.67
2024-04-20,North,Furniture,Tables,Corporate,91.46,6,0.0,34.15
2023-12-05,North,Technology,Phones,Corporate,279.9,3,0.3,15.5
2024-01-02,East,Technology,Laptops,Corporate,173.01,8,0.1,28.4
2024-02-26,North,Furniture,Tables,Corporate,180.69,11,0.0,56.94
2023-05-07,West,Furniture,Bookcases,Consumer,304.13,2,0.0,106.24
2023-08-17,West,Office Supplies,Paper,Consumer,40.77,11,0.1,10.11
2023-08-05,North,Furniture,Tables,Home Office,,10,0.1,29.51
2023-07-29,East,Furniture,Bookcases,Consumer,293.21,3,0.2,53.14
2024-11-08,West,Furniture,Chairs,Consumer,524.37,12,0.1,134.16
2023-03-08,South,Furniture,Tables,Consumer,94.91,10,0.0,8.08
2024-02-20,East,Furniture,Bookcases,Home Office,37.08,4,0.4,3.63
2024-10-09,West,Technology,Phones,Home Office,111.96,14,0.2,35.24
2023-05-24,East,Office Supplies,Binders,Consumer,82.27,7,0.3,-7.29
2023-03-16,South,Office Supplies,Paper,Home Office,349.07,9,0.2,76.82
2024-08-29,South,Office Supplies,Paper,Corporate,695.27,2,0.3,27.57
2024-01-31,West,Furniture,Bookcases,Corporate,231.69,5,0.4,-3.06
2024-05-30,West,Office Supplies,Storage,Home Office,163.94,12,0.2,-4.2
2024-04-26,West,Office Supplies,Storage,Consumer,102.64,8,0.3,15.16
2024-09-21,East,Technology,Laptops,Consumer,26.87,1,0.2,23.65
2024-08-07,North,Office Supplies,Binders,Home Office,625.12,8,0.0,198.51
2024-12-01,West,Office Supplies,Binders,Corporate,596.31,14,0.2,
2023-01-09,East,Furniture,Tables,Corporate,308.58,9,0.0,118.08
2023-01-26,East,Office Supplies,Storage,Home Office,88.55,1,0.0,43.85
2024-10-23,North,Office Supplies,Binders,Corporate,346.2,11,0.2,45.39
2024-06-02,North,Technology,Laptops,Consumer,94.43,13,0.1,23.17
2024-05-17,North,Office Supplies,Binders,Home Office,120.62,6,0.1,37.96
2024-11-15,South,Furniture,Chairs,Corporate,86.5,4,0.1,52.25
2023-11-14,West,Technology,Phones,Consumer,305.05,11,0.0,119.15
2023-06-09,South,Technology,Accessories,Consumer,279.31,1,0.1,85.4
2023-04-30,North,Office Supplies,Binders,Home Office,25.09,8,0.3,0.59
2024-03-25,North,Technology,Laptops,Home Office,648.97,5,0.0,234.41
2023-01-04,South,Office Supplies,Binders,Consumer,188.84,7,0.2,19.38
2024-07-11,West,Office Supplies,Paper,Home Office,152.39,6,0.0,37.55
2024-12-14,North,Office Supplies,Storage,Home Office,294.11,3,0.0,89.76
2024-05-26,North,Furniture,Bookcases,Home Office,445.69,6,0.2,87.78
2024-06-20,East,Office Supplies,Binders,Home Office,59.64,9,0.1,43.96
2023-12-25,West,Office Supplies,Binders,Consumer,246.39,10,0.2,29.01
2024-02-15,East,Office Supplies,Binders,Consumer,371.76,2,0.4,1.87
2023-05-30,South,Furniture,Bookcases,Home Office,435.39,6,0.0,146.96
2024-11-22,North,Office Supplies,Paper,Home Office,476.74,10,0.0,182.89
2023-03-23,South,Office Supplies,Storage,Consumer,1080.14,9,0.0,392.93
2024-08-27,West,Furniture,Bookcases,Home Office,368.41,7,0.3,-9.26
2024-08-28,North,Office Supplies,Storage,Home Office,666.38,3,0.3,50.89
2023-06-25,North,Technology,Laptops,Corporate,95.73,6,0.3,-2.4
2024-12-27,East,Office Supplies,Binders,Consumer,736.1,13,0.0,252.85
2024-07-25,North,Technology,Laptops,Home Office,266.38,10,0.1,64.81
2023-10-02,North,Technology,Accessories,Consumer,676.89,1,0.1,169.94
2024-02-05,North,Furniture,Tables,Corporate,526.24,13,0.0,199.28
2023-06-19,North,Technology,Accessories,Corporate,450.75,12,0.0,177.85
2024-01-05,East,Technology,Laptops,Corporate,437.65,13,0.0,146.08
2023-07-21,South,Furniture,Chairs,Home Office,26.51,7,0.0,-6.43
2023-10-16,South,Furniture,Bookcases,Corporate,109.74,11,0.1,35.69
2024-01-11,North,Technology,Phones,Corporate,91.84,10,0.2,46.83
2023-01-20,North,Technology,Laptops,Home Office,227.38,6,0.2,29.96
2023-02-06,West,Office Supplies,Storage,Home Office,86.98,13,0.3,10.56
2023-06-19,East,Furniture,Bookcases,Home Office,20.06,1,0.1,20.2
2024-09-08,North,Technology,Phones,Corporate,38.92,9,0.2,40.79
2023-11-02,North,Technology,Laptops,Corporate,216.77,4,0.2,16.66
2024-12-16,West,Furniture,Bookcases,Corporate,548.8,12,0.2,108.15
2024-03-23,East,Office Supplies,Paper,Corporate,444.1,9,0.0,158.82
2024-03-18,North,Technology,Accessories,Consumer,100.43,3,0.1,21.5
2023-12-10,West,Office Supplies,Binders,Consumer,71.63,9,0.1,14.7
2023-04-24,South,Technology,Accessories,Consumer,92.7,4,0.0,14.86
2023-05-10,North,Furniture,Bookcases,Corporate,69.81,11,0.4,-1.94
2023-11-19,East,Technology,Phones,Consumer,331.39,8,0.0,133.04
2024-07-03,West,Office Supplies,Paper,Home Office,35.06,13,0.2,9.96
2024-12-26,East,Furniture,Tables,Home Office,519.45,7,0.1,129.26
2023-02-20,South,Furniture,Bookcases,Consumer,213.17,5,0.0,68.78
2024-12-21,East,Technology,Laptops,Consumer,228.59,9,0.0,65.78
2024-08-28,West,Technology,Accessories,Corporate,258.1,14,0.4,-19.47
2023-10-05,South,Office Supplies,Paper,Corporate,284.09,8,0.2,36.74
2023-01-19,East,Office Supplies,Paper,Corporate,833.73,5,0.0,313.66
2023-03-19,South,Office Supplies,Storage,Consumer,184.74,3,0.4,-8.54
2024-06-19,West,Technology,Accessories,Home Office,349.4,4,0.0,104.73
2024-02-12,South,Office Supplies,Paper,Home Office,90.91,5,0.0,51.6
2024-12-11,North,Furniture,Bookcases,Home Office,478.69,1,0.2,64.12
2024-01-30,East,Technology,Laptops,Corporate,465.86,13,0.3,30.37
2023-02-28,East,Office Supplies,Paper,Consumer,229.17,10,0.2,10.41
2023-12-12,North,Office Supplies,Storage,Consumer,173.36,2,0.1,33.17
2023-01-16,South,Furniture,Bookcases,Home Office,802.56,12,0.0,290.39
2024-02-06,East,Furniture,Tables,Home Office,35.53,1,0.0,32.96
2024-07-31,North,Technology,Accessories,Consumer,985.18,2,0.1,236.68
2024-07-04,West,Office Supplies,Binders,Corporate,997.45,14,0.0,343.35
2023-04-18,East,Furniture,Chairs,Corporate,70.15,3,0.3,0.35
2024-01-25,East,Technology,Laptops,Corporate,235.98,10,0.0,92.47
2024-01-30,East,Technology,Phones,Corporate,86.28,9,0.2,18.28
2023-03-10,South,Office Supplies,Storage,Home Office,176.39,8,0.2,24.68
2023-03-04,East,Technology,Phones,Consumer,378.76,13,0.0,115.07
2023-11-27,South,Technology,Accessories,Corporate,20.28,1,0.0,23.33
2024-07-17,North,Technology,Accessories,Consumer,153.96,12,0.1,19.6
2024-09-14,East,Technology,Laptops,Home Office,139.4,2,0.0,53.78
2023-04-09,West,Office Supplies,Binders,Corporate,267.45,14,0.1,81.18
2023-06-20,North,Office Supplies,Storage,Corporate,936.67,13,0.1,240.34
2023-06-22,East,Office Supplies,Binders,Consumer,396.32,3,0.1,91.43
2024-01-12,South,Office Supplies,Storage,Home Office,146.17,1,0.1,34.49
2023-06-17,South,Office Supplies,Binders,Consumer,249.57,8,0.0,91.95
2024-01-28,East,Furniture,Tables,Corporate,691.11,12,0.2,83.92
2024-08-24,West,Furniture,Chairs,Corporate,437.76,1,0.1,94.59
2023-06-10,South,Technology,Laptops,Consumer,340.65,13,0.1,72.03
2023-09-27,East,Technology,Phones,Home Office,232.61,1,0.1,74.61
2024-12-07,East,Furniture,Bookcases,Corporate,1414.81,5,0.1,382.94
2023-04-05,South,Furniture,Bookcases,Corporate,34.47,3,0.0,-5.49
2023-03-26,North,Office Supplies,Storage,Corporate,400.56,2,0.0,152.38
2024-08-01,North,Technology,Laptops,Home Office,104.75,2,0.3,18.03
2024-04-28,North,Technology,Laptops,Corporate,,3,0.1,63.26
2023-08-29,West,Office Supplies,Paper,Consumer,556.98,11,0.1,136.6
2023-03-19,North,Office Supplies,Binders,Home Office,55.47,7,0.0,34.22
2023-03-31,West,Furniture,Tables,Consumer,291.41,12,0.1,62.99
2023-06-14,South,Technology,Phones,Corporate,37.5,13,0.0,-20.96
2023-01-27,East,Technology,Accessories,Consumer,174.2,4,0.0,69.97
2024-11-26,West,Furniture,Tables,Consumer,124.58,3,0.2,31.24
2024-09-27,South,Technology,Accessories,Consumer,23.49,13,0.1,15.5
2023-01-29,North,Furniture,Bookcases,Consumer,52.06,2,0.2,16.31
2023-12-10,East,Technology,Laptops,Corporate,376.82,6,0.1,106.59
2023-03-30,East,Furniture,Chairs,Home Office,112.65,10,0.2,23.55
2023-08-31,North,Technology,Accessories,Corporate,250.2,13,0.3,42.24
2024-11-19,North,Office Supplies,Paper,Home Office,219.02,9,0.0,69.98
2023-04-17,West,Technology,Laptops,Consumer,265.64,9,0.0,84.66
2024-12-22,North,Office Supplies,Paper,Home Office,627.09,8,0.2,72.54
2024-06-09,East,Furniture,Chairs,Consumer,116.78,3,0.4,-17.5
2024-03-10,West,Office Supplies,Paper,Corporate,279.33,11,0.1,53.37
2024-01-31,South,Furniture,Tables,Home Office,165.25,2,0.0,81.47
2023-05-28,North,Furniture,Chairs,Corporate,437.33,3,0.1,132.88
2024-07-04,North,Office Supplies,Storage,Corporate,146.79,5,0.1,40.6
2023-01-01,South,Office Supplies,Paper,Consumer,96.09,1,0.0,16.96
2024-12-01,East,Technology,Phones,Home Office,579.44,4,0.1,158.77
2023-11-14,East,Furniture,Tables,Corporate,629.89,13,0.1,179.7
2024-07-24,North,Furniture,Bookcases,Home Office,32.56,9,0.2,7.61
2023-02-02,East,Technology,Phones,Home Office,1015.92,4,0.1,279.32
2023-06-26,North,Office Supplies,Binders,Corporate,304.21,7,0.1,72.86
2024-09-16,South,Office Supplies,Storage,Consumer,25.58,10,0.2,10.78
2023-04-19,South,Technology,Accessories,Consumer,343.73,7,0.1,95.81
2023-12-22,East,Furniture,Chairs,Consumer,334.68,8,0.1,69.98
2024-03-11,West,Office Supplies,Paper,Consumer,333.57,6,0.0,127.94
2024-05-05,West,Technology,Accessories,Home Office,344.59,13,0.2,43.64
2023-10-31,South,Technology,Phones,Corporate,32.48,14,0.1,14.95
2023-12-12,West,Furniture,Bookcases,Corporate,228.69,8,0.2,23.79
2023-04-21,East,Technology,Accessories,Corporate,227.77,4,0.2,39.73
2023-07-03,North,Technology,Accessories,Consumer,457.08,10,0.3,45.62
2023-04-29,South,Technology,Laptops,Corporate,33.42,7,0.0,29.27
2023-05-13,East,Technology,Phones,Consumer,290.69,5,0.0,105.65
2024-05-25,North,Furniture,Tables,Consumer,393.88,11,0.0,153.07
2023-09-10,East,Furniture,Tables,Home Office,292.15,10,0.0,125.51
2023-06-06,West,Technology,Accessories,Consumer,368.0,3,0.2,75.02
2023-01-28,East,Office Supplies,Storage,Consumer,,7,0.1,73.52
2024-10-21,South,Office Supplies,Storage,Corporate,41.99,9,0.3,0.89
2023-12-20,North,Furniture,Chairs,Home Office,,13,0.2,42.94
2023-11-14,West,Office Supplies,Paper,Home Office,123.31,3,0.2,17.11
2024-02-18,West,Office Supplies,Storage,Corporate,270.72,14,0.0,96.15
2024-04-29,South,Furniture,Tables,Home Office,139.5,5,0.0,49.37
2024-07-27,East,Technology,Phones,Corporate,144.29,14,0.1,21.57
2024-10-11,South,Technology,Accessories,Home Office,867.37,13,0.2,124.03
2023-08-27,West,Office Supplies,Binders,Consumer,144.48,14,0.2,25.28
2024-02-19,South,Technology,Laptops,Corporate,29.93,2,0.1,-19.86
2024-09-16,West,Technology,Accessories,Home Office,763.89,3,0.3,19.22
2023-12-22,West,Technology,Accessories,Consumer,129.26,11,0.0,31.84
2023-01-15,West,Technology,Accessories,Consumer,42.67,2,0.0,16.24
2023-05-01,North,Office Supplies,Binders,Corporate,28.95,12,0.1,5.3
2023-04-09,West,Furniture,Bookcases,Home Office,203.78,2,0.2,42.11
2023-02-16,East,Office Supplies,Paper,Corporate,807.42,12,0.2,121.17
2024-12-05,West,Office Supplies,Storage,Home Office,143.95,9,0.1,32.98
2023-05-26,South,Office Supplies,Binders,Home Office,52.33,7,0.2,21.91
2023-05-31,North,Office Supplies,Storage,Consumer,161.32,2,0.0,50.6
2024-05-21,West,Technology,Phones,Consumer,155.06,5,0.2,10.62
2024-12-25,North,Furniture,Tables,Home Office,308.35,8,0.1,102.44
2024-03-05,North,Technology,Phones,Home Office,518.39,7,0.0,191.03
2024-10-23,East,Office Supplies,Paper,Consumer,75.02,6,0.2,21.52
2023-09-11,South,Technology,Phones,Corporate,84.8,9,0.4,-14.46
2024-02-16,North,Technology,Accessories,Corporate,137.63,9,0.4,-1.58
2023-06-24,North,Furniture,Bookcases,Corporate,236.01,11,0.0,99.91
2024-02-07,South,Furniture,Bookcases,Home Office,294.54,11,0.0,110.25
2024-09-03,West,Technology,Phones,Consumer,159.42,7,0.1,80.19
2024-06-21,North,Furniture,Bookcases,Corporate,449.88,3,0.2,53.09
2024-12-02,South,Furniture,Chairs,Home Office,847.47,9,0.0,298.23
2024-03-28,East,Technology,Accessories,Corporate,55.02,3,0.1,-4.17
2024-12-10,West,Office Supplies,Binders,Consumer,457.67,9,0.0,176.4
2023-02-23,North,Office Supplies,Binders,Home Office,255.28,14,0.3,44.44
2023-10-11,West,Technology,Accessories,Corporate,348.14,8,0.3,22.23
2023-10-21,West,Furniture,Tables,Corporate,248.18,14,0.0,72.29
2023-07-05,West,Office Supplies,Paper,Home Office,404.35,1,0.0,140.14
2024-07-04,South,Technology,Phones,Home Office,113.56,13,0.3,16.78
2023-02-28,South,Technology,Accessories,Corporate,813.34,10,0.1,235.14
2023-02-04,East,Office Supplies,Paper,Consumer,452.42,2,0.1,121.64
2023-03-15,North,Office Supplies,Paper,Consumer,1384.3,11,0.3,54.71
2023-04-13,West,Office Supplies,Storage,Corporate,42.97,14,0.0,16.6
2024-06-22,West,Office Supplies,Storage,Consumer,211.32,10,0.2,9.83
2024-12-10,West,Office Supplies,Paper,Corporate,41.01,9,0.1,6.31
2024-11-20,South,Technology,Phones,Consumer,134.24,8,0.0,49.43
2023-11-25,North,Technology,Phones,Home Office,374.47,1,0.0,124.57
2023-04-23,East,Furniture,Chairs,Corporate,112.9,5,0.0,31.04
2024-10-25,West,Technology,Accessories,Home Office,22.47,11,0.4,-13.67
2023-01-16,North,Office Supplies,Storage,Consumer,30.19,14,0.2,-15.83
2023-10-01,West,Technology,Accessories,Corporate,44.95,2,0.1,32.22
2023-06-08,West,Technology,Phones,Corporate,194.9,3,0.2,53.65
2023-05-12,East,Office Supplies,Paper,Corporate,593.78,8,0.3,43.05
2023-03-16,South,Office Supplies,Paper,Home Office,92.69,6,0.2,-5.17
2024-01-16,North,Furniture,Bookcases,Home Office,234.79,10,0.0,
2024-03-17,East,Furniture,Tables,Consumer,367.86,1,0.1,113.09
2023-11-09,South,Office Supplies,Storage,Home Office,66.24,10,0.1,-6.53
2024-11-20,East,Furniture,Bookcases,Consumer,115.29,10,0.4,-0.31
2024-11-30,North,Furniture,Bookcases,Consumer,539.35,9,0.3,29.36
2024-05-13,North,Furniture,Chairs,Corporate,238.75,12,0.0,91.04
2024-09-25,East,Office Supplies,Paper,Consumer,104.65,8,0.1,9.28
2023-11-15,West,Office Supplies,Paper,Consumer,373.31,6,0.1,116.49
2024-03-31,South,Furniture,Chairs,Consumer,213.26,8,0.0,94.68
2024-09-07,North,Technology,Accessories,Home Office,302.06,8,0.2,49.18
2024-01-21,North,Furniture,Bookcases,Home Office,77.12,10,0.0,12.24
2023-08-12,North,Technology,Accessories,Corporate,69.34,9,0.0,24.84
2024-11-14,North,Technology,Phones,Corporate,461.02,7,0.0,151.91
2024-02-05,West,Office Supplies,Paper,Consumer,168.04,9,0.1,18.03
2024-11-15,North,Office Supplies,Storage,Corporate,105.32,12,0.1,16.89
2023-06-01,South,Technology,Accessories,Corporate,52.89,12,0.2,12.76
2023-01-22,South,Technology,Laptops,Corporate,148.55,4,0.1,36.86
2024-05-20,West,Office Supplies,Paper,Home Office,235.08,5,0.3,-13.04
2024-07-03,East,Furniture,Bookcases,Corporate,102.79,1,0.1,19.32
2023-01-18,North,Furniture,Chairs,Consumer,,12,0.1,67.35
2023-12-10,East,Office Supplies,Paper,Corporate,,6,0.0,106.78
2024-11-22,South,Technology,Accessories,Consumer,68.75,10,0.4,-12.36
2024-04-19,North,Furniture,Bookcases,Consumer,48.86,7,0.1,5.45
2024-01-22,South,Furniture,Tables,Home Office,157.34,5,0.1,26.24
2023-12-27,East,Technology,Laptops,Corporate,1231.35,2,0.0,414.91
2024-11-03,North,Office Supplies,Binders,Home Office,48.19,11,0.2,9.22
2023-05-11,South,Furniture,Tables,Consumer,,11,0.2,10.42
2023-10-28,North,Furniture,Tables,Corporate,179.62,6,0.0,55.35
2024-07-11,East,Office Supplies,Binders,Home Office,112.88,2,0.0,
2024-09-30,North,Technology,Laptops,Home Office,316.82,10,0.3,-10.81
2024-06-09,West,Furniture,Chairs,Home Office,64.87,11,0.4,-2.67
2023-09-22,South,Furniture,Chairs,Corporate,393.48,14,0.3,21.36
2024-12-05,East,Technology,Accessories,Corporate,97.03,1,0.2,37.61
2023-08-11,East,Furniture,Chairs,Consumer,102.57,2,0.2,16.97
2024-12-30,West,Technology,Accessories,Home Office,80.85,14,0.1,12.86
2024-10-17,East,Office Supplies,Storage,Consumer,958.34,10,0.0,336.16
2023-08-11,North,Office Supplies,Storage,Corporate,329.77,10,0.0,146.22
2023-07-29,West,Office Supplies,Storage,Corporate,398.59,4,0.4,-17.76
2024-11-17,South,Furniture,Chairs,Consumer,496.21,8,0.4,-5.56
2024-08-26,West,Furniture,Tables,Consumer,61.75,12,0.1,3.08
2024-12-24,East,Office Supplies,Binders,Home Office,33.55,8,0.0,8.91
2024-02-22,West,Technology,Accessories,Home Office,968.08,6,0.0,322.91
2023-08-24,East,Technology,Laptops,Home Office,255.63,5,0.1,64.32
2024-08-24,West,Technology,Accessories,Corporate,,5,0.2,38.39
2023-12-15,East,Office Supplies,Paper,Home Office,287.19,2,0.0,88.57
2023-03-29,West,Technology,Phones,Home Office,46.1,9,0.1,-6.59
2023-05-26,South,Technology,Laptops,Home Office,544.14,4,0.2,54.24
2024-08-03,South,Office Supplies,Storage,Corporate,376.78,7,0.0,116.16
2024-04-03,South,Furniture,Bookcases,Home Office,259.47,14,0.0,151.63
2024-02-19,North,Office Supplies,Storage,Corporate,59.26,12,0.0,32.6
2023-01-22,East,Office Supplies,Paper,Corporate,387.13,13,0.2,69.52
2024-11-12,South,Office Supplies,Paper,Corporate,130.25,10,0.1,8.71
2023-04-03,South,Office Supplies,Binders,Consumer,727.52,10,0.1,192.19
2024-01-27,North,Office Supplies,Paper,Corporate,45.5,5,0.2,-6.7
2023-08-21,North,Technology,Phones,Corporate,749.56,2,0.0,287.02
2023-02-08,North,Technology,Phones,Consumer,514.12,12,0.3,-8.11
2024-05-22,South,Office Supplies,Paper,Corporate,86.89,13,0.2,-22.14
2024-05-25,East,Technology,Laptops,Corporate,337.1,10,0.0,133.93
2024-11-25,South,Technology,Accessories,Home Office,60.6,13,0.1,12.53
2023-02-15,North,Office Supplies,Storage,Corporate,106.3,1,0.4,-27.87
2024-02-04,East,Furniture,Tables,Corporate,179.5,13,0.1,47.03
2023-03-13,North,Office Supplies,Paper,Corporate,641.49,14,0.0,207.79
2024-08-15,South,Office Supplies,Paper,Home Office,347.54,13,0.3,13.33
2023-02-06,North,Office Supplies,Storage,Consumer,63.21,13,0.2,16.59
2024-09-08,West,Furniture,Tables,Corporate,508.88,10,0.0,168.41
2024-03-10,East,Technology,Laptops,Consumer,52.88,1,0.0,12.85
2023-01-21,North,Technology,Laptops,Home Office,143.05,7,0.2,14.38
2024-05-24,West,Office Supplies,Storage,Consumer,706.97,12,0.0,272.69
2024-10-31,East,Technology,Accessories,Corporate,156.74,14,0.0,52.24
2023-08-21,North,Technology,Accessories,Consumer,337.7,10,0.2,56.87
2024-05-06,South,Technology,Phones,Home Office,,13,0.0,54.06
2024-11-28,East,Furniture,Chairs,Consumer,514.52,7,0.2,57.43
2023-12-29,West,Furniture,Bookcases,Home Office,34.78,1,0.4,12.15
2024-01-21,South,Technology,Accessories,Corporate,108.41,14,0.2,9.61
2024-02-06,North,Furniture,Chairs,Home Office,352.88,8,0.1,90.8
2023-05-06,East,Technology,Laptops,Consumer,138.01,14,0.3,5.41
2023-01-10,West,Technology,Phones,Home Office,46.2,12,0.0,-0.2
2024-07-02,South,Furniture,Chairs,Corporate,31.4,11,0.3,10.53
2024-04-20,North,Technology,Accessories,Home Office,566.13,7,0.0,178.13
2024-01-22,South,Technology,Laptops,Home Office,268.58,12,0.2,44.63
2023-02-11,South,Furniture,Bookcases,Consumer,305.86,9,0.4,-6.1
2023-04-27,West,Office Supplies,Binders,Corporate,199.68,6,0.1,46.0
2023-02-28,South,Office Supplies,Storage,Consumer,20.01,7,0.0,25.53
2024-12-04,West,Office Supplies,Paper,Corporate,64.09,9,0.0,31.27
2024-06-04,North,Technology,Accessories,Consumer,842.41,6,0.2,126.59
2024-06-01,West,Technology,Laptops,Corporate,243.95,7,0.0,67.55
2023-05-23,East,Furniture,Bookcases,Home Office,30.29,2,0.0,22.4
2024-02-28,West,Office Supplies,Paper,Consumer,145.3,12,0.0,45.28
2023-10-15,West,Furniture,Tables,Corporate,84.45,9,0.3,0.74
2023-01-02,South,Office Supplies,Storage,Consumer,86.54,9,0.1,35.26
2024-04-28,West,Technology,Laptops,Home Office,197.2,8,0.1,36.48
2024-06-05,East,Technology,Phones,Home Office,98.39,14,0.2,10.41
2024-03-12,East,Technology,Laptops,Consumer,203.13,11,0.0,85.95
2023-04-09,South,Technology,Phones,Home Office,296.57,6,0.1,79.99
2024-01-16,South,Technology,Laptops,Corporate,443.14,10,0.0,167.74
2023-06-14,North,Furniture,Tables,Consumer,256.26,2,0.0,91.19
2024-03-21,South,Furniture,Tables,Consumer,317.75,6,0.2,52.44
2023-07-07,South,Furniture,Bookcases,Home Office,47.87,2,0.0,-13.98
2024-04-13,South,Furniture,Bookcases,Consumer,25.52,10,0.1,23.93
2023-09-25,North,Office Supplies,Binders,Home Office,416.2,14,0.0,166.93
2023-10-19,East,Furniture,Chairs,Consumer,793.43,6,0.1,203.29
2023-05-21,North,Technology,Laptops,Corporate,113.37,13,0.2,35.01
2023-05-18,East,Furniture,Bookcases,Corporate,354.78,7,0.0,117.58
2023-01-23,West,Technology,Phones,Consumer,121.91,10,0.1,30.21
2024-11-20,North,Office Supplies,Storage,Corporate,260.77,3,0.0,114.81
2023-07-27,West,Office Supplies,Paper,Corporate,40.08,8,0.2,6.89
2024-11-11,North,Office Supplies,Paper,Corporate,277.81,4,0.0,104.87
2023-04-05,North,Office Supplies,Binders,Corporate,423.54,1,0.1,79.39
2023-06-23,South,Furniture,Tables,Corporate,77.12,12,0.1,18.25
2023-08-04,South,Technology,Laptops,Corporate,739.56,10,0.1,171.26
2023-03-14,West,Technology,Laptops,Consumer,368.38,1,0.1,89.63
2023-10-03,North,Office Supplies,Binders,Home Office,88.23,13,0.1,25.62
2024-07-22,East,Office Supplies,Binders,Corporate,432.51,14,0.0,162.82
2023-02-20,North,Furniture,Tables,Home Office,74.63,6,0.2,23.47
2024-06-07,South,Furniture,Bookcases,Home Office,79.41,4,0.2,20.1
2024-10-02,West,Technology,Phones,Consumer,185.07,2,0.1,16.65
2023-05-17,South,Office Supplies,Binders,Consumer,194.48,7,0.1,51.46
2023-12-19,East,Furniture,Tables,Consumer,192.77,6,0.1,53.09
2023-10-10,North,Office Supplies,Storage,Home Office,145.12,4,0.0,45.65
2023-06-11,North,Office Supplies,Binders,Home Office,231.49,1,0.0,54.5
2023-07-06,South,Office Supplies,Binders,Home Office,484.04,11,0.0,177.67
2023-01-24,North,Technology,Laptops,Consumer,382.2,11,0.0,124.41
2023-06-28,East,Office Supplies,Storage,Home Office,125.03,5,0.1,38.12
2023-06-09,East,Furniture,Chairs,Corporate,186.47,8,0.1,45.56
2023-11-02,North,Office Supplies,Storage,Corporate,114.99,2,0.0,60.86
2023-10-06,South,Office Supplies,Binders,Corporate,297.93,10,0.0,112.55
2023-09-23,East,Office Supplies,Binders,Home Office,30.15,11,0.1,-1.9
2024-07-17,East,Furniture,Tables,Corporate,201.56,7,0.2,40.89
2024-02-05,East,Furniture,Chairs,Home Office,302.95,2,0.1,77.58
2024-02-26,North,Technology,Phones,Home Office,140.37,1,0.0,58.0
2024-11-08,North,Furniture,Bookcases,Corporate,115.12,11,0.0,53.38
2023-12-14,East,Technology,Phones,Consumer,178.27,11,0.1,67.01
2023-07-01,South,Office Supplies,Paper,Corporate,516.87,9,0.1,134.2
2024-07-01,East,Technology,Accessories,Home Office,122.49,8,0.3,6.15
2024-03-31,South,Furniture,Chairs,Corporate,721.56,5,0.2,90.0
2023-02-18,South,Office Supplies,Paper,Home Office,392.34,7,0.0,113.73
2024-06-07,East,Office Supplies,Storage,Corporate,615.84,3,0.1,145.17
2023-04-23,East,Furniture,Tables,Consumer,508.55,9,0.0,185.21
2023-06-12,South,Office Supplies,Paper,Home Office,87.45,6,0.2,-8.04
2024-03-16,South,Office Supplies,Paper,Home Office,302.23,7,0.1,78.99
2023-06-19,East,Furniture,Chairs,Corporate,159.17,11,0.0,58.07
2023-05-02,North,Office Supplies,Paper,Home Office,577.49,2,0.0,200.36
2024-08-23,North,Office Supplies,Storage,Consumer,264.21,13,0.1,35.75
2023-05-27,West,Technology,Laptops,Corporate,64.59,10,0.0,
2023-10-08,North,Technology,Accessories,Consumer,162.16,1,0.2,45.32
2023-01-11,East,Office Supplies,Storage,Corporate,359.06,13,0.1,108.7
2023-02-23,South,Furniture,Chairs,Consumer,53.7,1,0.0,8.02
2024-03-21,West,Office Supplies,Paper,Corporate,224.21,6,0.2,3.49
2023-11-17,South,Technology,Laptops,Corporate,729.57,6,0.0,254.73
2023-11-14,South,Office Supplies,Binders,Corporate,537.23,6,0.0,194.24
2024-05-11,South,Office Supplies,Storage,Corporate,280.56,13,0.0,116.59
2024-02-15,West,Furniture,Bookcases,Consumer,757.62,9,0.2,141.24
2024-03-10,East,Technology,Accessories,Consumer,580.92,14,0.3,42.21
2023-07-31,East,Office Supplies,Paper,Home Office,785.04,12,0.3,32.96
2023-03-04,North,Technology,Phones,Consumer,380.47,6,0.0,134.37
2024-08-18,South,Furniture,Bookcases,Consumer,343.08,5,0.1,75.96
2024-07-19,South,Office Supplies,Storage,Consumer,78.96,10,0.0,53.24
2023-02-15,East,Office Supplies,Paper,Corporate,56.32,9,0.2,-4.78
2023-12-29,West,Technology,Laptops,Consumer,74.91,4,0.1,
2024-11-06,South,Office Supplies,Storage,Corporate,492.78,2,0.0,159.53
2023-01-16,East,Office Supplies,Storage,Consumer,48.21,4,0.4,-4.52
2024-05-16,North,Furniture,Chairs,Consumer,61.96,1,0.4,-12.65
2024-05-15,West,Technology,Accessories,Consumer,62.51,2,0.3,-8.56
2023-02-15,South,Furniture,Bookcases,Home Office,160.59,8,0.1,42.11
2024-08-17,West,Technology,Phones,Consumer,895.13,10,0.0,291.31
2023-04-23,East,Office Supplies,Paper,Corporate,441.02,12,0.0,162.83
2023-04-02,West,Office Supplies,Paper,Consumer,,4,0.2,25.69
2024-03-02,East,Furniture,Chairs,Home Office,506.63,13,0.1,129.71
2024-04-01,South,Office Supplies,Storage,Corporate,66.06,8,0.3,1.5
2024-01-15,South,Office Supplies,Binders,Corporate,620.87,9,0.0,207.37
2024-01-20,West,Technology,Phones,Home Office,616.54,1,0.2,88.3
